Workbook
Name Slicer_Clean_Status: #N/A
Name Slicer_Payment_Method: #N/A

Sheet Executive Dashboard
B1: FRAUD ANALYTICS OVERVIEW
B2: TOTAL AUDITED DATASET | E2: GROSS TRANSACTION REVENUE | H2: TOTAL PIPELINE AT RISK | K2: ACTIVE DISPUTE INSTANCES
B5: =COUNTA('Orders Ledger'!A2:A1501) -> 1500 | E5: =SUM('Orders Ledger'!N2:N1501) -> 1338115.2 | H5: =SUMIFS('Orders Ledger'!N:N, 'Orders Ledger'!J:J, "disputed") + SUMIFS('Orders Ledger'!N:N, 'Orders Ledger'!J:J, "PENDING_REVIEW") -> 667317.77 | K5: =COUNTIF('Orders Ledger'!J:J, "disputed") -> 190
A19: CRITICAL HOLDS QUEUE
A20: {=IFERROR(_xlfn.XLOOKUP("Grand Total", Pivot!$B$36:$B$46, _xlfn.XLOOKUP("PENDING_REVIEW", Pivot!$36:$36, Pivot!$36:$46)), 0)} -> 183
A22: SLA BREACH STATUS
A23: =IF(A20>150, "🔴 REVIEW SLA OVERRUN", "🟢 SAFE QUEUE LEVEL") -> 🔴 REVIEW SLA OVERRUN
A26: THREAT EXP VELOCITY | I26: Order_ID | J26: Customer_ID | K26: Category | L26: Device_Used | M26: Sum of Total_Revenue
I27: ORD100160 | J27: CUST-1094 | K27: Luxury Goods | L27: Desktop | M27: 9401.8
A28: Automated Bots | I28: ORD100282 | J28: CUST-1206 | K28: Luxury Goods | L28: Bot_Server | M28: 9954.6
A29: =IFERROR(_xlfn.XLOOKUP("disputed", Pivot!$36:$36, Pivot!$37:$37) / _xlfn.XLOOKUP("Grand Total", Pivot!$36:$36, Pivot!$37:$37), 0) -> 0.28708134 | I29: ORD100414 | J29: CUST-1125 | K29: Luxury Goods | L29: Bot_Server | M29: 11683.4
A30: Cross-Border | I30: ORD100512 | J30: CUST-1134 | K30: Luxury Goods | L30: Desktop | M30: 9346.72
A31: =IFERROR(_xlfn.XLOOKUP("disputed", Pivot!$36:$36, Pivot!$40:$40) / _xlfn.XLOOKUP("Grand Total", Pivot!$36:$36, Pivot!$40:$40), 0) -> 0.28502415 | I31: ORD100571 | J31: CUST-1170 | K31: Luxury Goods | L31: Desktop | M31: 11683.4
I32: ORD100636 | J32: CUST-1166 | K32: Luxury Goods | L32: Mobile_Emulator | M32: 9346.72
I33: ORD100778 | J33: CUST-1036 | K33: Luxury Goods | L33: Desktop | M33: 9401.8
I34: ORD101105 | J34: CUST-1139 | K34: Luxury Goods | L34: Desktop | M34: 9376.2
I35: ORD101126 | J35: CUST-1164 | K35: Luxury Goods | L35: Mobile_Emulator | M35: 9954.6
I36: ORD101133 | J36: CUST-1218 | K36: Luxury Goods | L36: Desktop | M36: 9376.2
I37: ORD101167 | J37: CUST-1070 | K37: Luxury Goods | L37: Desktop | M37: 9401.8
I38: ORD101394 | J38: CUST-1242 | K38: Luxury Goods | L38: Bot_Server | M38: 9346.72
I39: ORD101450 | J39: CUST-1265 | K39: Luxury Goods | L39: Bot_Server | M39: 9346.72
I40: ORD101476 | J40: CUST-1162 | K40: Luxury Goods | L40: Mobile_Emulator | M40: 9346.72
I41: Grand Total | M41: 136967.4

Sheet Orders Ledger
A1: Order_ID | B1: Customer_ID | C1: Product_SKU | D1: Quantity | E1: Order_Timestamp | F1: Payment_Method | G1: Order_Country | H1: Device_Used | I1: Raw_Status | J1: Clean_Status | K1: Product_Name | L1: Category | M1: Unit_Price | N1: Total_Revenue
A2: ORD100000 | B2: CUST-1129 | C2: PROD-ELEC-057 | D2: 1 | E2: 45796.799 | F2: Digital_Wallet | G2: Canada | H2: Mobile_App | I2: delivered | J2: =TRIM(I2) -> delivered | K2: =_xlfn.XLOOKUP(C2, 'Product Catalog'!$A:$A, 'Product Catalog'!$B:$B, "Unknown Product") -> Keyboard Model F57 | L2: =_xlfn.XLOOKUP(C2, 'Product Catalog'!$A:$A, 'Product Catalog'!$C:$C, "Unknown Category") -> Electronics | M2: =_xlfn.XLOOKUP(C2, 'Product Catalog'!$A:$A, 'Product Catalog'!$D:$D, 0) -> 60.02 | N2: =D2 * M2 -> 60.02
A3: ORD100001 | B3: CUST-1041 | C3: PROD-APPA-137 | D3: 1 | E3: 46014.386 | F3: Credit_Card | G3: United Kingdom | H3: Mobile_App | I3: delivered | J3: =TRIM(I3) -> delivered | K3: =_xlfn.XLOOKUP(C3, 'Product Catalog'!$A:$A, 'Product Catalog'!$B:$B, "Unknown Product") -> Sneakers Model H137 | L3: =_xlfn.XLOOKUP(C3, 'Product Catalog'!$A:$A, 'Product Catalog'!$C:$C, "Unknown Category") -> Apparel | M3: =_xlfn.XLOOKUP(C3, 'Product Catalog'!$A:$A, 'Product Catalog'!$D:$D, 0) -> 33.53 | N3: =D3 * M3 -> 33.53
A4: ORD100002 | B4: CUST-1240 | C4: PROD-ELEC-078 | D4: 1 | E4: 45728.155 | F4: Digital_Wallet | G4: United Kingdom | H4: Mobile_Web | I4: delivered | J4: =TRIM(I4) -> delivered | K4: =_xlfn.XLOOKUP(C4, 'Product Catalog'!$A:$A, 'Product Catalog'!$B:$B, "Unknown Product") -> Mouse Model A78 | L4: =_xlfn.XLOOKUP(C4, 'Product Catalog'!$A:$A, 'Product Catalog'!$C:$C, "Unknown Category") -> Electronics | M4: =_xlfn.XLOOKUP(C4, 'Product Catalog'!$A:$A, 'Product Catalog'!$D:$D, 0) -> 141.34 | N4: =D4 * M4 -> 141.34
A5: ORD100003 | B5: CUST-1009 | C5: PROD-DIGI-053 | D5: 1 | E5: 45973.834 | F5: Credit_Card | G5: United Kingdom | H5: Mobile_Web | I5: delivered | J5: =TRIM(I5) -> delivered | K5: =_xlfn.XLOOKUP(C5, 'Product Catalog'!$A:$A, 'Product Catalog'!$B:$B, "Unknown Product") -> Premium Stream 1M Model B53 | L5: =_xlfn.XLOOKUP(C5, 'Product Catalog'!$A:$A, 'Product Catalog'!$C:$C, "Unknown Category") -> Digital Services | M5: =_xlfn.XLOOKUP(C5, 'Product Catalog'!$A:$A, 'Product Catalog'!$D:$D, 0) -> 13.87 | N5: =D5 * M5 -> 13.87
A6: ORD100004 | B6: CUST-1276 | C6: PROD-DIGI-131 | D6: 1 | E6: 45780.344 | F6: Credit_Card | G6: United States | H6: Mobile_App | I6: SHIPPED | J6: =TRIM(I6) -> SHIPPED | K6: =_xlfn.XLOOKUP(C6, 'Product Catalog'!$A:$A, 'Product Catalog'!$B:$B, "Unknown Product") -> VPN 6-Month Pass Model B131 | L6: =_xlfn.XLOOKUP(C6, 'Product Catalog'!$A:$A, 'Product Catalog'!$C:$C, "Unknown Category") -> Digital Services | M6: =_xlfn.XLOOKUP(C6, 'Product Catalog'!$A:$A, 'Product Catalog'!$D:$D, 0) -> 46.92 | N6: =D6 * M6 -> 46.92
A7: ORD100005 | B7: CUST-1026 | C7: PROD-HOME-074 | D7: 1 | E7: 45683.952 | F7: Digital_Wallet | G7: United States | H7: Mobile_Web | I7: SHIPPED | J7: =TRIM(I7) -> SHIPPED | K7: =_xlfn.XLOOKUP(C7, 'Product Catalog'!$A:$A, 'Product Catalog'!$B:$B, "Unknown Product") -> Blender Model W74 | L7: =_xlfn.XLOOKUP(C7, 'Product Catalog'!$A:$A, 'Product Catalog'!$C:$C, "Unknown Category") -> Home Goods | M7: =_xlfn.XLOOKUP(C7, 'Product Catalog'!$A:$A, 'Product Catalog'!$D:$D, 0) -> 127.16 | N7: =D7 * M7 -> 127.16
A8: ORD100006 | B8: CUST-1179 | C8: PROD-DIGI-073 | D8: 4 | E8: 45929.321 | F8: Crypto_Proxy | G8: Unknown Blacklisted Zone | H8: Desktop | I8: PENDING_REVIEW | J8: =TRIM(I8) -> PENDING_REVIEW | K8: =_xlfn.XLOOKUP(C8, 'Product Catalog'!$A:$A, 'Product Catalog'!$B:$B, "Unknown Product") -> VPN 6-Month Pass Model V73 | L8: =_xlfn.XLOOKUP(C8, 'Product Catalog'!$A:$A, 'Product Catalog'!$C:$C, "Unknown Category") -> Digital Services | M8: =_xlfn.XLOOKUP(C8, 'Product Catalog'!$A:$A, 'Product Catalog'!$D:$D, 0) -> 58.13 | N8: =D8 * M8 -> 232.52
A9: ORD100007 | B9: CUST-1114 | C9: PROD-APPA-091 | D9: 1 | E9: 45984.331 | F9: Credit_Card | G9: France | H9: Mobile_App | I9: delivered | J9: =TRIM(I9) -> delivered | K9: =_xlfn.XLOOKUP(C9, 'Product Catalog'!$A:$A, 'Product Catalog'!$B:$B, "Unknown Product") -> Jacket Model N91 | L9: =_xlfn.XLOOKUP(C9, 'Product Catalog'!$A:$A, 'Product Catalog'!$C:$C, "Unknown Category") -> Apparel | M9: =_xlfn.XLOOKUP(C9, 'Product Catalog'!$A:$A, 'Product Catalog'!$D:$D, 0) -> 13.96 | N9: =D9 * M9 -> 13.96
A10: ORD100008 | B10: CUST-1035 | C10: PROD-DIGI-076 | D10: 1 | E10: 45684.142 | F10: Credit_Card | G10: High-Risk Country Proxy | H10: Mobile_Emulator | I10: PENDING_REVIEW | J10: =TRIM(I10) -> PENDING_REVIEW | K10: =_xlfn.XLOOKUP(C10, 'Product Catalog'!$A:$A, 'Product Catalog'!$B:$B, "Unknown Product") -> E-Book Access Model Y76 | L10: =_xlfn.XLOOKUP(C10, 'Product Catalog'!$A:$A, 'Product Catalog'!$C:$C, "Unknown Category") -> Digital Services | M10: =_xlfn.XLOOKUP(C10, 'Product Catalog'!$A:$A, 'Product Catalog'!$D:$D, 0) -> 92.33 | N10: =D10 * M10 -> 92.33
A11: ORD100009 | B11: CUST-1020 | C11: PROD-ELEC-021 | D11: 5 | E11: 45869.469 | F11: Credit_Card | G11: Unknown Blacklisted Zone | H11: Bot_Server | I11: cancelled | J11: =TRIM(I11) -> cancelled | K11: =_xlfn.XLOOKUP(C11, 'Product Catalog'!$A:$A, 'Product Catalog'!$B:$B, "Unknown Product") -> Keyboard Model V21 | L11: =_xlfn.XLOOKUP(C11, 'Product Catalog'!$A:$A, 'Product Catalog'!$C:$C, "Unknown Category") -> Electronics | M11: =_xlfn.XLOOKUP(C11, 'Product Catalog'!$A:$A, 'Product Catalog'!$D:$D, 0) -> 208.12 | N11: =D11 * M11 -> 1040.6
A12: ORD100010 | B12: CUST-1015 | C12: PROD-LUXU-025 | D12: 5 | E12: 45899.142 | F12: Crypto_Proxy | G12: France | H12: Mobile_Emulator | I12: PENDING_REVIEW | J12: =TRIM(I12) -> PENDING_REVIEW | K12: =_xlfn.XLOOKUP(C12, 'Product Catalog'!$A:$A, 'Product Catalog'!$B:$B, "Unknown Product") -> Silk Scarf Model Z25 | L12: =_xlfn.XLOOKUP(C12, 'Product Catalog'!$A:$A, 'Product Catalog'!$C:$C, "Unknown Category") -> Luxury Goods | M12: =_xlfn.XLOOKUP(C12, 'Product Catalog'!$A:$A, 'Product Catalog'!$D:$D, 0) -> 878.03 | N12: =D12 * M12 -> 4390.15
A13: ORD100011 | B13: CUST-1126 | C13: PROD-ELEC-012 | D13: 2 | E13: 46006.195 | F13: Credit_Card | G13: France | H13: Desktop | I13: SHIPPED | J13: =TRIM(I13) -> SHIPPED | K13: =_xlfn.XLOOKUP(C13, 'Product Catalog'!$A:$A, 'Product Catalog'!$B:$B, "Unknown Product") -> Cable Model M12 | L13: =_xlfn.XLOOKUP(C13, 'Product Catalog'!$A:$A, 'Product Catalog'!$C:$C, "Unknown Category") -> Electronics | M13: =_xlfn.XLOOKUP(C13, 'Product Catalog'!$A:$A, 'Product Catalog'!$D:$D, 0) -> 83.9 | N13: =D13 * M13 -> 167.8
... A1501: ORD101499 | B1501: CUST-1275 | C1501: PROD-HOME-016 | D1501: 1 | E1501: 45922.358 | F1501: Credit_Card | G1501: United States | H1501: Desktop | I1501: delivered | J1501: =TRIM(I1501) -> delivered | K1501: =_xlfn.XLOOKUP(C1501, 'Product Catalog'!$A:$A, 'Product Catalog'!$B:$B, "Unknown Product") -> Blender Model Q16 | L1501: =_xlfn.XLOOKUP(C1501, 'Product Catalog'!$A:$A, 'Product Catalog'!$C:$C, "Unknown Category") -> Home Goods | M1501: =_xlfn.XLOOKUP(C1501, 'Product Catalog'!$A:$A, 'Product Catalog'!$D:$D, 0) -> 79.23 | N1501: =D1501 * M1501 -> 79.23

Sheet Product Catalog
A1: Product_SKU | B1: Product_Name | C1: Category | D1: Unit_Price | E1: Shipping_Requirement | F1: Merchant_Reputation_Score
A2: PROD-ELEC-001 | B2: Mouse Model B1 | C2: Electronics | D2: 189.26 | E2: Standard Physical | F2: 2.4
A3: PROD-APPA-002 | B3: Sneakers Model C2 | C3: Apparel | D3: 21.27 | E3: Standard Physical | F3: 4.1
A4: PROD-LUXU-003 | B4: Designer Watch Model D3 | C4: Luxury Goods | D4: 1599.08 | E4: Special Handling Required | F4: 1.6
A5: PROD-ELEC-004 | B5: Keyboard Model E4 | C5: Electronics | D5: 69.68 | E5: Standard Physical | F5: 3.6
A6: PROD-LUXU-005 | B6: Leather Handbag Model F5 | C6: Luxury Goods | D6: 1875.24 | E6: Special Handling Required | F6: 4
A7: PROD-DIGI-006 | B7: Premium Stream 1M Model G6 | C7: Digital Services | D7: 47.23 | E7: Digital (Instant) | F7: 2.5
A8: PROD-ELEC-007 | B8: Smartwatch Model H7 | C8: Electronics | D8: 204.37 | E8: Standard Physical | F8: 3.9
A9: PROD-HOME-008 | B9: Toaster Model I8 | C9: Home Goods | D9: 44.88 | E9: Standard Physical | F9: 4.9
A10: PROD-HOME-009 | B10: Coffee Maker Model J9 | C10: Home Goods | D10: 34.84 | E10: Standard Physical | F10: 1.8
A11: PROD-HOME-010 | B11: Desk Lamp Model K10 | C11: Home Goods | D11: 62.32 | E11: Standard Physical | F11: 1.7
A12: PROD-DIGI-011 | B12: VPN 6-Month Pass Model L11 | C12: Digital Services | D12: 16.73 | E12: Digital (Instant) | F12: 4.7
A13: PROD-ELEC-012 | B13: Cable Model M12 | C13: Electronics | D13: 83.9 | E13: Standard Physical | F13: 3.7
... A151: PROD-DIGI-150 | B151: E-Book Access Model U150 | C151: Digital Services | D151: 75.69 | E151: Digital (Instant) | F151: 4.4

Sheet Pivot
B5: Category | C5: Sum of Total_Revenue
B6: Apparel | C6: 30888.91
B7: Digital Services | C7: 29011.85
B8: Electronics | C8: 85098.23
B9: Home Goods | C9: 52396.01
B10: Luxury Goods | C10: 1140720.2
B11: Grand Total | C11: 1338115.2
B20: Order_Country | C20: Count of Order_ID
B21: Canada | C21: 204
B22: France | C22: 230
B23: Germany | C23: 203
B24: High-Risk Country Proxy | C24: 210
B25: United Kingdom | C25: 192
B26: United States | C26: 238
B27: Unknown Blacklisted Zone | C27: 223
B28: Grand Total | C28: 1500
B35: Order_ID | C35: Clean_Status
B36: Device_Used | C36: cancelled | D36: delivered | E36: disputed | F36: PENDING_REVIEW | G36: REFUNDED | H36: SHIPPED | I36: Grand Total
B37: Bot_Server | C37: 49 | E37: 60 | F37: 41 | G37: 59 | I37: 209
B38: Desktop | C38: 48 | D38: 274 | E38: 60 | F38: 80 | G38: 78 | H38: 29 | I38: 569
B39: Mobile_App | C39: 12 | D39: 279 | E39: 9 | F39: 10 | G39: 13 | H39: 46 | I39: 369
B40: Mobile_Emulator | C40: 61 | E40: 59 | F40: 45 | G40: 42 | I40: 207
B41: Mobile_Web | C41: 8 | D41: 109 | E41: 2 | F41: 7 | G41: 4 | H41: 16 | I41: 146
B42: Grand Total | C42: 178 | D42: 662 | E42: 190 | F42: 183 | G42: 196 | H42: 91 | I42: 1500
I48: Clean_Status | J48: (All)
I50: Row Labels | J50: Count of Order_ID
I51: Jan | J51: 138
I52: Feb | J52: 119
I53: Mar | J53: 139
I54: Apr | J54: 120
I55: May | J55: 120
I56: Jun | J56: 120
I57: Jul | J57: 144
B58: Order ID | C58: Customer ID | D58: Order Country | E58: Device Used | F58: Payment Method | G58: Total Revenue | I58: Aug | J58: 119
B59: {=IFERROR(INDEX('Orders Ledger'!$A$2:$A$1501, SMALL(IF(('Orders Ledger'!$J$2:$J$1501="disputed")+('Orders Ledger'!$J$2:$J$1501="PENDING_REVIEW"), ROW('Orders Ledger'!$A$2:$A$1501)-ROW('Orders Ledger'!$A$2)+1), ROW(1:1))), "")} -> ORD100006 | C59: =IF(B59="","",_xlfn.XLOOKUP(B59,'Orders Ledger'!$A:$A,'Orders Ledger'!$B:$B,"")) -> CUST-1179 | D59: =IF(B59="","",_xlfn.XLOOKUP(B59,'Orders Ledger'!$A:$A,'Orders Ledger'!$G:$G,"")) -> Unknown Blacklisted Zone | E59: =IF(B59="","",_xlfn.XLOOKUP(B59,'Orders Ledger'!$A:$A,'Orders Ledger'!$H:$H,"")) -> Desktop | F59: =IF(B59="","",_xlfn.XLOOKUP(B59,'Orders Ledger'!$A:$A,'Orders Ledger'!$F:$F,"")) -> Crypto_Proxy | G59: =IF(B59="","",_xlfn.XLOOKUP(B59,'Orders Ledger'!$A:$A,'Orders Ledger'!$N:$N,0)) -> 232.52 | I59: Sep | J59: 100
B60: {=IFERROR(INDEX('Orders Ledger'!$A$2:$A$1501, SMALL(IF(('Orders Ledger'!$J$2:$J$1501="disputed")+('Orders Ledger'!$J$2:$J$1501="PENDING_REVIEW"), ROW('Orders Ledger'!$A$2:$A$1501)-ROW('Orders Ledger'!$A$2)+1), ROW(2:2))), "")} -> ORD100008 | C60: =IF(B60="","",_xlfn.XLOOKUP(B60,'Orders Ledger'!$A:$A,'Orders Ledger'!$B:$B,"")) -> CUST-1035 | D60: =IF(B60="","",_xlfn.XLOOKUP(B60,'Orders Ledger'!$A:$A,'Orders Ledger'!$G:$G,"")) -> High-Risk Country Proxy | E60: =IF(B60="","",_xlfn.XLOOKUP(B60,'Orders Ledger'!$A:$A,'Orders Ledger'!$H:$H,"")) -> Mobile_Emulator | F60: =IF(B60="","",_xlfn.XLOOKUP(B60,'Orders Ledger'!$A:$A,'Orders Ledger'!$F:$F,"")) -> Credit_Card | G60: =IF(B60="","",_xlfn.XLOOKUP(B60,'Orders Ledger'!$A:$A,'Orders Ledger'!$N:$N,0)) -> 92.33 | I60: Oct | J60: 147
B61: {=IFERROR(INDEX('Orders Ledger'!$A$2:$A$1501, SMALL(IF(('Orders Ledger'!$J$2:$J$1501="disputed")+('Orders Ledger'!$J$2:$J$1501="PENDING_REVIEW"), ROW('Orders Ledger'!$A$2:$A$1501)-ROW('Orders Ledger'!$A$2)+1), ROW(3:3))), "")} -> ORD100010 | C61: =IF(B61="","",_xlfn.XLOOKUP(B61,'Orders Ledger'!$A:$A,'Orders Ledger'!$B:$B,"")) -> CUST-1015 | D61: =IF(B61="","",_xlfn.XLOOKUP(B61,'Orders Ledger'!$A:$A,'Orders Ledger'!$G:$G,"")) -> France | E61: =IF(B61="","",_xlfn.XLOOKUP(B61,'Orders Ledger'!$A:$A,'Orders Ledger'!$H:$H,"")) -> Mobile_Emulator | F61: =IF(B61="","",_xlfn.XLOOKUP(B61,'Orders Ledger'!$A:$A,'Orders Ledger'!$F:$F,"")) -> Crypto_Proxy | G61: =IF(B61="","",_xlfn.XLOOKUP(B61,'Orders Ledger'!$A:$A,'Orders Ledger'!$N:$N,0)) -> 4390.15 | I61: Nov | J61: 111
B62: {=IFERROR(INDEX('Orders Ledger'!$A$2:$A$1501, SMALL(IF(('Orders Ledger'!$J$2:$J$1501="disputed")+('Orders Ledger'!$J$2:$J$1501="PENDING_REVIEW"), ROW('Orders Ledger'!$A$2:$A$1501)-ROW('Orders Ledger'!$A$2)+1), ROW(4:4))), "")} -> ORD100025 | C62: =IF(B62="","",_xlfn.XLOOKUP(B62,'Orders Ledger'!$A:$A,'Orders Ledger'!$B:$B,"")) -> CUST-1058 | D62: =IF(B62="","",_xlfn.XLOOKUP(B62,'Orders Ledger'!$A:$A,'Orders Ledger'!$G:$G,"")) -> Unknown Blacklisted Zone | E62: =IF(B62="","",_xlfn.XLOOKUP(B62,'Orders Ledger'!$A:$A,'Orders Ledger'!$H:$H,"")) -> Mobile_Emulator | F62: =IF(B62="","",_xlfn.XLOOKUP(B62,'Orders Ledger'!$A:$A,'Orders Ledger'!$F:$F,"")) -> Digital_Wallet | G62: =IF(B62="","",_xlfn.XLOOKUP(B62,'Orders Ledger'!$A:$A,'Orders Ledger'!$N:$N,0)) -> 574.55 | I62: Dec | J62: 123
B63: {=IFERROR(INDEX('Orders Ledger'!$A$2:$A$1501, SMALL(IF(('Orders Ledger'!$J$2:$J$1501="disputed")+('Orders Ledger'!$J$2:$J$1501="PENDING_REVIEW"), ROW('Orders Ledger'!$A$2:$A$1501)-ROW('Orders Ledger'!$A$2)+1), ROW(5:5))), "")} -> ORD100029 | C63: =IF(B63="","",_xlfn.XLOOKUP(B63,'Orders Ledger'!$A:$A,'Orders Ledger'!$B:$B,"")) -> CUST-1296 | D63: =IF(B63="","",_xlfn.XLOOKUP(B63,'Orders Ledger'!$A:$A,'Orders Ledger'!$G:$G,"")) -> High-Risk Country Proxy | E63: =IF(B63="","",_xlfn.XLOOKUP(B63,'Orders Ledger'!$A:$A,'Orders Ledger'!$H:$H,"")) -> Mobile_Emulator | F63: =IF(B63="","",_xlfn.XLOOKUP(B63,'Orders Ledger'!$A:$A,'Orders Ledger'!$F:$F,"")) -> Digital_Wallet | G63: =IF(B63="","",_xlfn.XLOOKUP(B63,'Orders Ledger'!$A:$A,'Orders Ledger'!$N:$N,0)) -> 878.03 | I63: Grand Total | J63: 1500
B64: {=IFERROR(INDEX('Orders Ledger'!$A$2:$A$1501, SMALL(IF(('Orders Ledger'!$J$2:$J$1501="disputed")+('Orders Ledger'!$J$2:$J$1501="PENDING_REVIEW"), ROW('Orders Ledger'!$A$2:$A$1501)-ROW('Orders Ledger'!$A$2)+1), ROW(6:6))), "")} -> ORD100033 | C64: =IF(B64="","",_xlfn.XLOOKUP(B64,'Orders Ledger'!$A:$A,'Orders Ledger'!$B:$B,"")) -> CUST-1192 | D64: =IF(B64="","",_xlfn.XLOOKUP(B64,'Orders Ledger'!$A:$A,'Orders Ledger'!$G:$G,"")) -> High-Risk Country Proxy | E64: =IF(B64="","",_xlfn.XLOOKUP(B64,'Orders Ledger'!$A:$A,'Orders Ledger'!$H:$H,"")) -> Desktop | F64: =IF(B64="","",_xlfn.XLOOKUP(B64,'Orders Ledger'!$A:$A,'Orders Ledger'!$F:$F,"")) -> Credit_Card | G64: =IF(B64="","",_xlfn.XLOOKUP(B64,'Orders Ledger'!$A:$A,'Orders Ledger'!$N:$N,0)) -> 34.84
B65: {=IFERROR(INDEX('Orders Ledger'!$A$2:$A$1501, SMALL(IF(('Orders Ledger'!$J$2:$J$1501="disputed")+('Orders Ledger'!$J$2:$J$1501="PENDING_REVIEW"), ROW('Orders Ledger'!$A$2:$A$1501)-ROW('Orders Ledger'!$A$2)+1), ROW(7:7))), "")} -> ORD100039 | C65: =IF(B65="","",_xlfn.XLOOKUP(B65,'Orders Ledger'!$A:$A,'Orders Ledger'!$B:$B,"")) -> CUST-1154 | D65: =IF(B65="","",_xlfn.XLOOKUP(B65,'Orders Ledger'!$A:$A,'Orders Ledger'!$G:$G,"")) -> Canada | E65: =IF(B65="","",_xlfn.XLOOKUP(B65,'Orders Ledger'!$A:$A,'Orders Ledger'!$H:$H,"")) -> Desktop | F65: =IF(B65="","",_xlfn.XLOOKUP(B65,'Orders Ledger'!$A:$A,'Orders Ledger'!$F:$F,"")) -> Digital_Wallet | G65: =IF(B65="","",_xlfn.XLOOKUP(B65,'Orders Ledger'!$A:$A,'Orders Ledger'!$N:$N,0)) -> 1599.08
B66: {=IFERROR(INDEX('Orders Ledger'!$A$2:$A$1501, SMALL(IF(('Orders Ledger'!$J$2:$J$1501="disputed")+('Orders Ledger'!$J$2:$J$1501="PENDING_REVIEW"), ROW('Orders Ledger'!$A$2:$A$1501)-ROW('Orders Ledger'!$A$2)+1), ROW(8:8))), "")} -> ORD100041 | C66: =IF(B66="","",_xlfn.XLOOKUP(B66,'Orders Ledger'!$A:$A,'Orders Ledger'!$B:$B,"")) -> CUST-1289 | D66: =IF(B66="","",_xlfn.XLOOKUP(B66,'Orders Ledger'!$A:$A,'Orders Ledger'!$G:$G,"")) -> Unknown Blacklisted Zone | E66: =IF(B66="","",_xlfn.XLOOKUP(B66,'Orders Ledger'!$A:$A,'Orders Ledger'!$H:$H,"")) -> Bot_Server | F66: =IF(B66="","",_xlfn.XLOOKUP(B66,'Orders Ledger'!$A:$A,'Orders Ledger'!$F:$F,"")) -> Credit_Card | G66: =IF(B66="","",_xlfn.XLOOKUP(B66,'Orders Ledger'!$A:$A,'Orders Ledger'!$N:$N,0)) -> 879.84
B67: {=IFERROR(INDEX('Orders Ledger'!$A$2:$A$1501, SMALL(IF(('Orders Ledger'!$J$2:$J$1501="disputed")+('Orders Ledger'!$J$2:$J$1501="PENDING_REVIEW"), ROW('Orders Ledger'!$A$2:$A$1501)-ROW('Orders Ledger'!$A$2)+1), ROW(9:9))), "")} -> ORD100051 | C67: =IF(B67="","",_xlfn.XLOOKUP(B67,'Orders Ledger'!$A:$A,'Orders Ledger'!$B:$B,"")) -> CUST-1215 | D67: =IF(B67="","",_xlfn.XLOOKUP(B67,'Orders Ledger'!$A:$A,'Orders Ledger'!$G:$G,"")) -> United States | E67: =IF(B67="","",_xlfn.XLOOKUP(B67,'Orders Ledger'!$A:$A,'Orders Ledger'!$H:$H,"")) -> Mobile_Emulator | F67: =IF(B67="","",_xlfn.XLOOKUP(B67,'Orders Ledger'!$A:$A,'Orders Ledger'!$F:$F,"")) -> Credit_Card | G67: =IF(B67="","",_xlfn.XLOOKUP(B67,'Orders Ledger'!$A:$A,'Orders Ledger'!$N:$N,0)) -> 7521.44
B68: {=IFERROR(INDEX('Orders Ledger'!$A$2:$A$1501, SMALL(IF(('Orders Ledger'!$J$2:$J$1501="disputed")+('Orders Ledger'!$J$2:$J$1501="PENDING_REVIEW"), ROW('Orders Ledger'!$A$2:$A$1501)-ROW('Orders Ledger'!$A$2)+1), ROW(10:10))), "")} -> ORD100056 | C68: =IF(B68="","",_xlfn.XLOOKUP(B68,'Orders Ledger'!$A:$A,'Orders Ledger'!$B:$B,"")) -> CUST-1235 | D68: =IF(B68="","",_xlfn.XLOOKUP(B68,'Orders Ledger'!$A:$A,'Orders Ledger'!$G:$G,"")) -> Unknown Blacklisted Zone | E68: =IF(B68="","",_xlfn.XLOOKUP(B68,'Orders Ledger'!$A:$A,'Orders Ledger'!$H:$H,"")) -> Mobile_Emulator | F68: =IF(B68="","",_xlfn.XLOOKUP(B68,'Orders Ledger'!$A:$A,'Orders Ledger'!$F:$F,"")) -> Digital_Wallet | G68: =IF(B68="","",_xlfn.XLOOKUP(B68,'Orders Ledger'!$A:$A,'Orders Ledger'!$N:$N,0)) -> 5359.52
B69: {=IFERROR(INDEX('Orders Ledger'!$A$2:$A$1501, SMALL(IF(('Orders Ledger'!$J$2:$J$1501="disputed")+('Orders Ledger'!$J$2:$J$1501="PENDING_REVIEW"), ROW('Orders Ledger'!$A$2:$A$1501)-ROW('Orders Ledger'!$A$2)+1), ROW(11:11))), "")} -> ORD100057 | C69: =IF(B69="","",_xlfn.XLOOKUP(B69,'Orders Ledger'!$A:$A,'Orders Ledger'!$B:$B,"")) -> CUST-1078 | D69: =IF(B69="","",_xlfn.XLOOKUP(B69,'Orders Ledger'!$A:$A,'Orders Ledger'!$G:$G,"")) -> United Kingdom | E69: =IF(B69="","",_xlfn.XLOOKUP(B69,'Orders Ledger'!$A:$A,'Orders Ledger'!$H:$H,"")) -> Bot_Server | F69: =IF(B69="","",_xlfn.XLOOKUP(B69,'Orders Ledger'!$A:$A,'Orders Ledger'!$F:$F,"")) -> Crypto_Proxy | G69: =IF(B69="","",_xlfn.XLOOKUP(B69,'Orders Ledger'!$A:$A,'Orders Ledger'!$N:$N,0)) -> 425.14
B70: {=IFERROR(INDEX('Orders Ledger'!$A$2:$A$1501, SMALL(IF(('Orders Ledger'!$J$2:$J$1501="disputed")+('Orders Ledger'!$J$2:$J$1501="PENDING_REVIEW"), ROW('Orders Ledger'!$A$2:$A$1501)-ROW('Orders Ledger'!$A$2)+1), ROW(12:12))), "")} -> ORD100060 | C70: =IF(B70="","",_xlfn.XLOOKUP(B70,'Orders Ledger'!$A:$A,'Orders Ledger'!$B:$B,"")) -> CUST-1267 | D70: =IF(B70="","",_xlfn.XLOOKUP(B70,'Orders Ledger'!$A:$A,'Orders Ledger'!$G:$G,"")) -> France | E70: =IF(B70="","",_xlfn.XLOOKUP(B70,'Orders Ledger'!$A:$A,'Orders Ledger'!$H:$H,"")) -> Mobile_App | F70: =IF(B70="","",_xlfn.XLOOKUP(B70,'Orders Ledger'!$A:$A,'Orders Ledger'!$F:$F,"")) -> Credit_Card | G70: =IF(B70="","",_xlfn.XLOOKUP(B70,'Orders Ledger'!$A:$A,'Orders Ledger'!$N:$N,0)) -> 30.18
B71: {=IFERROR(INDEX('Orders Ledger'!$A$2:$A$1501, SMALL(IF(('Orders Ledger'!$J$2:$J$1501="disputed")+('Orders Ledger'!$J$2:$J$1501="PENDING_REVIEW"), ROW('Orders Ledger'!$A$2:$A$1501)-ROW('Orders Ledger'!$A$2)+1), ROW(13:13))), "")} -> ORD100063 | C71: =IF(B71="","",_xlfn.XLOOKUP(B71,'Orders Ledger'!$A:$A,'Orders Ledger'!$B:$B,"")) -> CUST-1247 | D71: =IF(B71="","",_xlfn.XLOOKUP(B71,'Orders Ledger'!$A:$A,'Orders Ledger'!$G:$G,"")) -> Unknown Blacklisted Zone | E71: =IF(B71="","",_xlfn.XLOOKUP(B71,'Orders Ledger'!$A:$A,'Orders Ledger'!$H:$H,"")) -> Bot_Server | F71: =IF(B71="","",_xlfn.XLOOKUP(B71,'Orders Ledger'!$A:$A,'Orders Ledger'!$F:$F,"")) -> Stolen_Card_Sim | G71: =IF(B71="","",_xlfn.XLOOKUP(B71,'Orders Ledger'!$A:$A,'Orders Ledger'!$N:$N,0)) -> 6440
B72: {=IFERROR(INDEX('Orders Ledger'!$A$2:$A$1501, SMALL(IF(('Orders Ledger'!$J$2:$J$1501="disputed")+('Orders Ledger'!$J$2:$J$1501="PENDING_REVIEW"), ROW('Orders Ledger'!$A$2:$A$1501)-ROW('Orders Ledger'!$A$2)+1), ROW(14:14))), "")} -> ORD100067 | C72: =IF(B72="","",_xlfn.XLOOKUP(B72,'Orders Ledger'!$A:$A,'Orders Ledger'!$B:$B,"")) -> CUST-1165 | D72: =IF(B72="","",_xlfn.XLOOKUP(B72,'Orders Ledger'!$A:$A,'Orders Ledger'!$G:$G,"")) -> Canada | E72: =IF(B72="","",_xlfn.XLOOKUP(B72,'Orders Ledger'!$A:$A,'Orders Ledger'!$H:$H,"")) -> Desktop | F72: =IF(B72="","",_xlfn.XLOOKUP(B72,'Orders Ledger'!$A:$A,'Orders Ledger'!$F:$F,"")) -> Credit_Card | G72: =IF(B72="","",_xlfn.XLOOKUP(B72,'Orders Ledger'!$A:$A,'Orders Ledger'!$N:$N,0)) -> 21.11
B73: {=IFERROR(INDEX('Orders Ledger'!$A$2:$A$1501, SMALL(IF(('Orders Ledger'!$J$2:$J$1501="disputed")+('Orders Ledger'!$J$2:$J$1501="PENDING_REVIEW"), ROW('Orders Ledger'!$A$2:$A$1501)-ROW('Orders Ledger'!$A$2)+1), ROW(15:15))), "")} -> ORD100068 | C73: =IF(B73="","",_xlfn.XLOOKUP(B73,'Orders Ledger'!$A:$A,'Orders Ledger'!$B:$B,"")) -> CUST-1125 | D73: =IF(B73="","",_xlfn.XLOOKUP(B73,'Orders Ledger'!$A:$A,'Orders Ledger'!$G:$G,"")) -> Canada | E73: =IF(B73="","",_xlfn.XLOOKUP(B73,'Orders Ledger'!$A:$A,'Orders Ledger'!$H:$H,"")) -> Mobile_App | F73: =IF(B73="","",_xlfn.XLOOKUP(B73,'Orders Ledger'!$A:$A,'Orders Ledger'!$F:$F,"")) -> Credit_Card | G73: =IF(B73="","",_xlfn.XLOOKUP(B73,'Orders Ledger'!$A:$A,'Orders Ledger'!$N:$N,0)) -> 75.4
B74: {=IFERROR(INDEX('Orders Ledger'!$A$2:$A$1501, SMALL(IF(('Orders Ledger'!$J$2:$J$1501="disputed")+('Orders Ledger'!$J$2:$J$1501="PENDING_REVIEW"), ROW('Orders Ledger'!$A$2:$A$1501)-ROW('Orders Ledger'!$A$2)+1), ROW(16:16))), "")} -> ORD100070 | C74: =IF(B74="","",_xlfn.XLOOKUP(B74,'Orders Ledger'!$A:$A,'Orders Ledger'!$B:$B,"")) -> CUST-1142 | D74: =IF(B74="","",_xlfn.XLOOKUP(B74,'Orders Ledger'!$A:$A,'Orders Ledger'!$G:$G,"")) -> High-Risk Country Proxy | E74: =IF(B74="","",_xlfn.XLOOKUP(B74,'Orders Ledger'!$A:$A,'Orders Ledger'!$H:$H,"")) -> Bot_Server | F74: =IF(B74="","",_xlfn.XLOOKUP(B74,'Orders Ledger'!$A:$A,'Orders Ledger'!$F:$F,"")) -> Crypto_Proxy | G74: =IF(B74="","",_xlfn.XLOOKUP(B74,'Orders Ledger'!$A:$A,'Orders Ledger'!$N:$N,0)) -> 47.23
B75: {=IFERROR(INDEX('Orders Ledger'!$A$2:$A$1501, SMALL(IF(('Orders Ledger'!$J$2:$J$1501="disputed")+('Orders Ledger'!$J$2:$J$1501="PENDING_REVIEW"), ROW('Orders Ledger'!$A$2:$A$1501)-ROW('Orders Ledger'!$A$2)+1), ROW(17:17))), "")} -> ORD100071 | C75: =IF(B75="","",_xlfn.XLOOKUP(B75,'Orders Ledger'!$A:$A,'Orders Ledger'!$B:$B,"")) -> CUST-1230 | D75: =IF(B75="","",_xlfn.XLOOKUP(B75,'Orders Ledger'!$A:$A,'Orders Ledger'!$G:$G,"")) -> High-Risk Country Proxy | E75: =IF(B75="","",_xlfn.XLOOKUP(B75,'Orders Ledger'!$A:$A,'Orders Ledger'!$H:$H,"")) -> Desktop | F75: =IF(B75="","",_xlfn.XLOOKUP(B75,'Orders Ledger'!$A:$A,'Orders Ledger'!$F:$F,"")) -> Stolen_Card_Sim | G75: =IF(B75="","",_xlfn.XLOOKUP(B75,'Orders Ledger'!$A:$A,'Orders Ledger'!$N:$N,0)) -> 212.2
B76: {=IFERROR(INDEX('Orders Ledger'!$A$2:$A$1501, SMALL(IF(('Orders Ledger'!$J$2:$J$1501="disputed")+('Orders Ledger'!$J$2:$J$1501="PENDING_REVIEW"), ROW('Orders Ledger'!$A$2:$A$1501)-ROW('Orders Ledger'!$A$2)+1), ROW(18:18))), "")} -> ORD100079 | C76: =IF(B76="","",_xlfn.XLOOKUP(B76,'Orders Ledger'!$A:$A,'Orders Ledger'!$B:$B,"")) -> CUST-1166 | D76: =IF(B76="","",_xlfn.XLOOKUP(B76,'Orders Ledger'!$A:$A,'Orders Ledger'!$G:$G,"")) -> Germany | E76: =IF(B76="","",_xlfn.XLOOKUP(B76,'Orders Ledger'!$A:$A,'Orders Ledger'!$H:$H,"")) -> Bot_Server | F76: =IF(B76="","",_xlfn.XLOOKUP(B76,'Orders Ledger'!$A:$A,'Orders Ledger'!$F:$F,"")) -> Stolen_Card_Sim | G76: =IF(B76="","",_xlfn.XLOOKUP(B76,'Orders Ledger'!$A:$A,'Orders Ledger'!$N:$N,0)) -> 6961.4
B77: {=IFERROR(INDEX('Orders Ledger'!$A$2:$A$1501, SMALL(IF(('Orders Ledger'!$J$2:$J$1501="disputed")+('Orders Ledger'!$J$2:$J$1501="PENDING_REVIEW"), ROW('Orders Ledger'!$A$2:$A$1501)-ROW('Orders Ledger'!$A$2)+1), ROW(19:19))), "")} -> ORD100082 | C77: =IF(B77="","",_xlfn.XLOOKUP(B77,'Orders Ledger'!$A:$A,'Orders Ledger'!$B:$B,"")) -> CUST-1108 | D77: =IF(B77="","",_xlfn.XLOOKUP(B77,'Orders Ledger'!$A:$A,'Orders Ledger'!$G:$G,"")) -> France | E77: =IF(B77="","",_xlfn.XLOOKUP(B77,'Orders Ledger'!$A:$A,'Orders Ledger'!$H:$H,"")) -> Mobile_App | F77: =IF(B77="","",_xlfn.XLOOKUP(B77,'Orders Ledger'!$A:$A,'Orders Ledger'!$F:$F,"")) -> Digital_Wallet | G77: =IF(B77="","",_xlfn.XLOOKUP(B77,'Orders Ledger'!$A:$A,'Orders Ledger'!$N:$N,0)) -> 186.13
B78: {=IFERROR(INDEX('Orders Ledger'!$A$2:$A$1501, SMALL(IF(('Orders Ledger'!$J$2:$J$1501="disputed")+('Orders Ledger'!$J$2:$J$1501="PENDING_REVIEW"), ROW('Orders Ledger'!$A$2:$A$1501)-ROW('Orders Ledger'!$A$2)+1), ROW(20:20))), "")} -> ORD100083 | C78: =IF(B78="","",_xlfn.XLOOKUP(B78,'Orders Ledger'!$A:$A,'Orders Ledger'!$B:$B,"")) -> CUST-1181 | D78: =IF(B78="","",_xlfn.XLOOKUP(B78,'Orders Ledger'!$A:$A,'Orders Ledger'!$G:$G,"")) -> Unknown Blacklisted Zone | E78: =IF(B78="","",_xlfn.XLOOKUP(B78,'Orders Ledger'!$A:$A,'Orders Ledger'!$H:$H,"")) -> Desktop | F78: =IF(B78="","",_xlfn.XLOOKUP(B78,'Orders Ledger'!$A:$A,'Orders Ledger'!$F:$F,"")) -> Digital_Wallet | G78: =IF(B78="","",_xlfn.XLOOKUP(B78,'Orders Ledger'!$A:$A,'Orders Ledger'!$N:$N,0)) -> 204.37
B79: {=IFERROR(INDEX('Orders Ledger'!$A$2:$A$1501, SMALL(IF(('Orders Ledger'!$J$2:$J$1501="disputed")+('Orders Ledger'!$J$2:$J$1501="PENDING_REVIEW"), ROW('Orders Ledger'!$A$2:$A$1501)-ROW('Orders Ledger'!$A$2)+1), ROW(21:21))), "")} -> ORD100104 | C79: =IF(B79="","",_xlfn.XLOOKUP(B79,'Orders Ledger'!$A:$A,'Orders Ledger'!$B:$B,"")) -> CUST-1113 | D79: =IF(B79="","",_xlfn.XLOOKUP(B79,'Orders Ledger'!$A:$A,'Orders Ledger'!$G:$G,"")) -> High-Risk Country Proxy | E79: =IF(B79="","",_xlfn.XLOOKUP(B79,'Orders Ledger'!$A:$A,'Orders Ledger'!$H:$H,"")) -> Desktop | F79: =IF(B79="","",_xlfn.XLOOKUP(B79,'Orders Ledger'!$A:$A,'Orders Ledger'!$F:$F,"")) -> Credit_Card | G79: =IF(B79="","",_xlfn.XLOOKUP(B79,'Orders Ledger'!$A:$A,'Orders Ledger'!$N:$N,0)) -> 164.06
B80: {=IFERROR(INDEX('Orders Ledger'!$A$2:$A$1501, SMALL(IF(('Orders Ledger'!$J$2:$J$1501="disputed")+('Orders Ledger'!$J$2:$J$1501="PENDING_REVIEW"), ROW('Orders Ledger'!$A$2:$A$1501)-ROW('Orders Ledger'!$A$2)+1), ROW(22:22))), "")} -> ORD100108 | C80: =IF(B80="","",_xlfn.XLOOKUP(B80,'Orders Ledger'!$A:$A,'Orders Ledger'!$B:$B,"")) -> CUST-1297 | D80: =IF(B80="","",_xlfn.XLOOKUP(B80,'Orders Ledger'!$A:$A,'Orders Ledger'!$G:$G,"")) -> Canada | E80: =IF(B80="","",_xlfn.XLOOKUP(B80,'Orders Ledger'!$A:$A,'Orders Ledger'!$H:$H,"")) -> Mobile_Web | F80: =IF(B80="","",_xlfn.XLOOKUP(B80,'Orders Ledger'!$A:$A,'Orders Ledger'!$F:$F,"")) -> Credit_Card | G80: =IF(B80="","",_xlfn.XLOOKUP(B80,'Orders Ledger'!$A:$A,'Orders Ledger'!$N:$N,0)) -> 80.59
B81: {=IFERROR(INDEX('Orders Ledger'!$A$2:$A$1501, SMALL(IF(('Orders Ledger'!$J$2:$J$1501="disputed")+('Orders Ledger'!$J$2:$J$1501="PENDING_REVIEW"), ROW('Orders Ledger'!$A$2:$A$1501)-ROW('Orders Ledger'!$A$2)+1), ROW(23:23))), "")} -> ORD100109 | C81: =IF(B81="","",_xlfn.XLOOKUP(B81,'Orders Ledger'!$A:$A,'Orders Ledger'!$B:$B,"")) -> CUST-1188 | D81: =IF(B81="","",_xlfn.XLOOKUP(B81,'Orders Ledger'!$A:$A,'Orders Ledger'!$G:$G,"")) -> Germany | E81: =IF(B81="","",_xlfn.XLOOKUP(B81,'Orders Ledger'!$A:$A,'Orders Ledger'!$H:$H,"")) -> Bot_Server | F81: =IF(B81="","",_xlfn.XLOOKUP(B81,'Orders Ledger'!$A:$A,'Orders Ledger'!$F:$F,"")) -> Credit_Card | G81: =IF(B81="","",_xlfn.XLOOKUP(B81,'Orders Ledger'!$A:$A,'Orders Ledger'!$N:$N,0)) -> 1263.28
B82: {=IFERROR(INDEX('Orders Ledger'!$A$2:$A$1501, SMALL(IF(('Orders Ledger'!$J$2:$J$1501="disputed")+('Orders Ledger'!$J$2:$J$1501="PENDING_REVIEW"), ROW('Orders Ledger'!$A$2:$A$1501)-ROW('Orders Ledger'!$A$2)+1), ROW(24:24))), "")} -> ORD100111 | C82: =IF(B82="","",_xlfn.XLOOKUP(B82,'Orders Ledger'!$A:$A,'Orders Ledger'!$B:$B,"")) -> CUST-1283 | D82: =IF(B82="","",_xlfn.XLOOKUP(B82,'Orders Ledger'!$A:$A,'Orders Ledger'!$G:$G,"")) -> High-Risk Country Proxy | E82: =IF(B82="","",_xlfn.XLOOKUP(B82,'Orders Ledger'!$A:$A,'Orders Ledger'!$H:$H,"")) -> Mobile_Emulator | F82: =IF(B82="","",_xlfn.XLOOKUP(B82,'Orders Ledger'!$A:$A,'Orders Ledger'!$F:$F,"")) -> Digital_Wallet | G82: =IF(B82="","",_xlfn.XLOOKUP(B82,'Orders Ledger'!$A:$A,'Orders Ledger'!$N:$N,0)) -> 149.5
B83: {=IFERROR(INDEX('Orders Ledger'!$A$2:$A$1501, SMALL(IF(('Orders Ledger'!$J$2:$J$1501="disputed")+('Orders Ledger'!$J$2:$J$1501="PENDING_REVIEW"), ROW('Orders Ledger'!$A$2:$A$1501)-ROW('Orders Ledger'!$A$2)+1), ROW(25:25))), "")} -> ORD100113 | C83: =IF(B83="","",_xlfn.XLOOKUP(B83,'Orders Ledger'!$A:$A,'Orders Ledger'!$B:$B,"")) -> CUST-1176 | D83: =IF(B83="","",_xlfn.XLOOKUP(B83,'Orders Ledger'!$A:$A,'Orders Ledger'!$G:$G,"")) -> Unknown Blacklisted Zone | E83: =IF(B83="","",_xlfn.XLOOKUP(B83,'Orders Ledger'!$A:$A,'Orders Ledger'!$H:$H,"")) -> Mobile_Emulator | F83: =IF(B83="","",_xlfn.XLOOKUP(B83,'Orders Ledger'!$A:$A,'Orders Ledger'!$F:$F,"")) -> Digital_Wallet | G83: =IF(B83="","",_xlfn.XLOOKUP(B83,'Orders Ledger'!$A:$A,'Orders Ledger'!$N:$N,0)) -> 149.08
B84: {=IFERROR(INDEX('Orders Ledger'!$A$2:$A$1501, SMALL(IF(('Orders Ledger'!$J$2:$J$1501="disputed")+('Orders Ledger'!$J$2:$J$1501="PENDING_REVIEW"), ROW('Orders Ledger'!$A$2:$A$1501)-ROW('Orders Ledger'!$A$2)+1), ROW(26:26))), "")} -> ORD100115 | C84: =IF(B84="","",_xlfn.XLOOKUP(B84,'Orders Ledger'!$A:$A,'Orders Ledger'!$B:$B,"")) -> CUST-1281 | D84: =IF(B84="","",_xlfn.XLOOKUP(B84,'Orders Ledger'!$A:$A,'Orders Ledger'!$G:$G,"")) -> United States | E84: =IF(B84="","",_xlfn.XLOOKUP(B84,'Orders Ledger'!$A:$A,'Orders Ledger'!$H:$H,"")) -> Desktop | F84: =IF(B84="","",_xlfn.XLOOKUP(B84,'Orders Ledger'!$A:$A,'Orders Ledger'!$F:$F,"")) -> Digital_Wallet | G84: =IF(B84="","",_xlfn.XLOOKUP(B84,'Orders Ledger'!$A:$A,'Orders Ledger'!$N:$N,0)) -> 184.18
B85: {=IFERROR(INDEX('Orders Ledger'!$A$2:$A$1501, SMALL(IF(('Orders Ledger'!$J$2:$J$1501="disputed")+('Orders Ledger'!$J$2:$J$1501="PENDING_REVIEW"), ROW('Orders Ledger'!$A$2:$A$1501)-ROW('Orders Ledger'!$A$2)+1), ROW(27:27))), "")} -> ORD100127 | C85: =IF(B85="","",_xlfn.XLOOKUP(B85,'Orders Ledger'!$A:$A,'Orders Ledger'!$B:$B,"")) -> CUST-1274 | D85: =IF(B85="","",_xlfn.XLOOKUP(B85,'Orders Ledger'!$A:$A,'Orders Ledger'!$G:$G,"")) -> United States | E85: =IF(B85="","",_xlfn.XLOOKUP(B85,'Orders Ledger'!$A:$A,'Orders Ledger'!$H:$H,"")) -> Bot_Server | F85: =IF(B85="","",_xlfn.XLOOKUP(B85,'Orders Ledger'!$A:$A,'Orders Ledger'!$F:$F,"")) -> Crypto_Proxy | G85: =IF(B85="","",_xlfn.XLOOKUP(B85,'Orders Ledger'!$A:$A,'Orders Ledger'!$N:$N,0)) -> 1339.88
B86: {=IFERROR(INDEX('Orders Ledger'!$A$2:$A$1501, SMALL(IF(('Orders Ledger'!$J$2:$J$1501="disputed")+('Orders Ledger'!$J$2:$J$1501="PENDING_REVIEW"), ROW('Orders Ledger'!$A$2:$A$1501)-ROW('Orders Ledger'!$A$2)+1), ROW(28:28))), "")} -> ORD100131 | C86: =IF(B86="","",_xlfn.XLOOKUP(B86,'Orders Ledger'!$A:$A,'Orders Ledger'!$B:$B,"")) -> CUST-1247 | D86: =IF(B86="","",_xlfn.XLOOKUP(B86,'Orders Ledger'!$A:$A,'Orders Ledger'!$G:$G,"")) -> Unknown Blacklisted Zone | E86: =IF(B86="","",_xlfn.XLOOKUP(B86,'Orders Ledger'!$A:$A,'Orders Ledger'!$H:$H,"")) -> Desktop | F86: =IF(B86="","",_xlfn.XLOOKUP(B86,'Orders Ledger'!$A:$A,'Orders Ledger'!$F:$F,"")) -> Stolen_Card_Sim | G86: =IF(B86="","",_xlfn.XLOOKUP(B86,'Orders Ledger'!$A:$A,'Orders Ledger'!$N:$N,0)) -> 30.08
B87: {=IFERROR(INDEX('Orders Ledger'!$A$2:$A$1501, SMALL(IF(('Orders Ledger'!$J$2:$J$1501="disputed")+('Orders Ledger'!$J$2:$J$1501="PENDING_REVIEW"), ROW('Orders Ledger'!$A$2:$A$1501)-ROW('Orders Ledger'!$A$2)+1), ROW(29:29))), "")} -> ORD100135 | C87: =IF(B87="","",_xlfn.XLOOKUP(B87,'Orders Ledger'!$A:$A,'Orders Ledger'!$B:$B,"")) -> CUST-1051 | D87: =IF(B87="","",_xlfn.XLOOKUP(B87,'Orders Ledger'!$A:$A,'Orders Ledger'!$G:$G,"")) -> United Kingdom | E87: =IF(B87="","",_xlfn.XLOOKUP(B87,'Orders Ledger'!$A:$A,'Orders Ledger'!$H:$H,"")) -> Mobile_Emulator | F87: =IF(B87="","",_xlfn.XLOOKUP(B87,'Orders Ledger'!$A:$A,'Orders Ledger'!$F:$F,"")) -> Credit_Card | G87: =IF(B87="","",_xlfn.XLOOKUP(B87,'Orders Ledger'!$A:$A,'Orders Ledger'!$N:$N,0)) -> 878.03
B88: {=IFERROR(INDEX('Orders Ledger'!$A$2:$A$1501, SMALL(IF(('Orders Ledger'!$J$2:$J$1501="disputed")+('Orders Ledger'!$J$2:$J$1501="PENDING_REVIEW"), ROW('Orders Ledger'!$A$2:$A$1501)-ROW('Orders Ledger'!$A$2)+1), ROW(30:30))), "")} -> ORD100138 | C88: =IF(B88="","",_xlfn.XLOOKUP(B88,'Orders Ledger'!$A:$A,'Orders Ledger'!$B:$B,"")) -> CUST-1116 | D88: =IF(B88="","",_xlfn.XLOOKUP(B88,'Orders Ledger'!$A:$A,'Orders Ledger'!$G:$G,"")) -> High-Risk Country Proxy | E88: =IF(B88="","",_xlfn.XLOOKUP(B88,'Orders Ledger'!$A:$A,'Orders Ledger'!$H:$H,"")) -> Desktop | F88: =IF(B88="","",_xlfn.XLOOKUP(B88,'Orders Ledger'!$A:$A,'Orders Ledger'!$F:$F,"")) -> Crypto_Proxy | G88: =IF(B88="","",_xlfn.XLOOKUP(B88,'Orders Ledger'!$A:$A,'Orders Ledger'!$N:$N,0)) -> 55.69
B89: {=IFERROR(INDEX('Orders Ledger'!$A$2:$A$1501, SMALL(IF(('Orders Ledger'!$J$2:$J$1501="disputed")+('Orders Ledger'!$J$2:$J$1501="PENDING_REVIEW"), ROW('Orders Ledger'!$A$2:$A$1501)-ROW('Orders Ledger'!$A$2)+1), ROW(31:31))), "")} -> ORD100145 | C89: =IF(B89="","",_xlfn.XLOOKUP(B89,'Orders Ledger'!$A:$A,'Orders Ledger'!$B:$B,"")) -> CUST-1140 | D89: =IF(B89="","",_xlfn.XLOOKUP(B89,'Orders Ledger'!$A:$A,'Orders Ledger'!$G:$G,"")) -> High-Risk Country Proxy | E89: =IF(B89="","",_xlfn.XLOOKUP(B89,'Orders Ledger'!$A:$A,'Orders Ledger'!$H:$H,"")) -> Mobile_Emulator | F89: =IF(B89="","",_xlfn.XLOOKUP(B89,'Orders Ledger'!$A:$A,'Orders Ledger'!$F:$F,"")) -> Stolen_Card_Sim | G89: =IF(B89="","",_xlfn.XLOOKUP(B89,'Orders Ledger'!$A:$A,'Orders Ledger'!$N:$N,0)) -> 209.15
B90: {=IFERROR(INDEX('Orders Ledger'!$A$2:$A$1501, SMALL(IF(('Orders Ledger'!$J$2:$J$1501="disputed")+('Orders Ledger'!$J$2:$J$1501="PENDING_REVIEW"), ROW('Orders Ledger'!$A$2:$A$1501)-ROW('Orders Ledger'!$A$2)+1), ROW(32:32))), "")} -> ORD100148 | C90: =IF(B90="","",_xlfn.XLOOKUP(B90,'Orders Ledger'!$A:$A,'Orders Ledger'!$B:$B,"")) -> CUST-1283 | D90: =IF(B90="","",_xlfn.XLOOKUP(B90,'Orders Ledger'!$A:$A,'Orders Ledger'!$G:$G,"")) -> Germany | E90: =IF(B90="","",_xlfn.XLOOKUP(B90,'Orders Ledger'!$A:$A,'Orders Ledger'!$H:$H,"")) -> Mobile_Emulator | F90: =IF(B90="","",_xlfn.XLOOKUP(B90,'Orders Ledger'!$A:$A,'Orders Ledger'!$F:$F,"")) -> Crypto_Proxy | G90: =IF(B90="","",_xlfn.XLOOKUP(B90,'Orders Ledger'!$A:$A,'Orders Ledger'!$N:$N,0)) -> 3202.75
B91: {=IFERROR(INDEX('Orders Ledger'!$A$2:$A$1501, SMALL(IF(('Orders Ledger'!$J$2:$J$1501="disputed")+('Orders Ledger'!$J$2:$J$1501="PENDING_REVIEW"), ROW('Orders Ledger'!$A$2:$A$1501)-ROW('Orders Ledger'!$A$2)+1), ROW(33:33))), "")} -> ORD100157 | C91: =IF(B91="","",_xlfn.XLOOKUP(B91,'Orders Ledger'!$A:$A,'Orders Ledger'!$B:$B,"")) -> CUST-1245 | D91: =IF(B91="","",_xlfn.XLOOKUP(B91,'Orders Ledger'!$A:$A,'Orders Ledger'!$G:$G,"")) -> High-Risk Country Proxy | E91: =IF(B91="","",_xlfn.XLOOKUP(B91,'Orders Ledger'!$A:$A,'Orders Ledger'!$H:$H,"")) -> Bot_Server | F91: =IF(B91="","",_xlfn.XLOOKUP(B91,'Orders Ledger'!$A:$A,'Orders Ledger'!$F:$F,"")) -> Digital_Wallet | G91: =IF(B91="","",_xlfn.XLOOKUP(B91,'Orders Ledger'!$A:$A,'Orders Ledger'!$N:$N,0)) -> 775.95
B92: {=IFERROR(INDEX('Orders Ledger'!$A$2:$A$1501, SMALL(IF(('Orders Ledger'!$J$2:$J$1501="disputed")+('Orders Ledger'!$J$2:$J$1501="PENDING_REVIEW"), ROW('Orders Ledger'!$A$2:$A$1501)-ROW('Orders Ledger'!$A$2)+1), ROW(34:34))), "")} -> ORD100162 | C92: =IF(B92="","",_xlfn.XLOOKUP(B92,'Orders Ledger'!$A:$A,'Orders Ledger'!$B:$B,"")) -> CUST-1129 | D92: =IF(B92="","",_xlfn.XLOOKUP(B92,'Orders Ledger'!$A:$A,'Orders Ledger'!$G:$G,"")) -> United States | E92: =IF(B92="","",_xlfn.XLOOKUP(B92,'Orders Ledger'!$A:$A,'Orders Ledger'!$H:$H,"")) -> Bot_Server | F92: =IF(B92="","",_xlfn.XLOOKUP(B92,'Orders Ledger'!$A:$A,'Orders Ledger'!$F:$F,"")) -> Crypto_Proxy | G92: =IF(B92="","",_xlfn.XLOOKUP(B92,'Orders Ledger'!$A:$A,'Orders Ledger'!$N:$N,0)) -> 2562.2
B93: {=IFERROR(INDEX('Orders Ledger'!$A$2:$A$1501, SMALL(IF(('Orders Ledger'!$J$2:$J$1501="disputed")+('Orders Ledger'!$J$2:$J$1501="PENDING_REVIEW"), ROW('Orders Ledger'!$A$2:$A$1501)-ROW('Orders Ledger'!$A$2)+1), ROW(35:35))), "")} -> ORD100167 | C93: =IF(B93="","",_xlfn.XLOOKUP(B93,'Orders Ledger'!$A:$A,'Orders Ledger'!$B:$B,"")) -> CUST-1251 | D93: =IF(B93="","",_xlfn.XLOOKUP(B93,'Orders Ledger'!$A:$A,'Orders Ledger'!$G:$G,"")) -> Unknown Blacklisted Zone | E93: =IF(B93="","",_xlfn.XLOOKUP(B93,'Orders Ledger'!$A:$A,'Orders Ledger'!$H:$H,"")) -> Mobile_Emulator | F93: =IF(B93="","",_xlfn.XLOOKUP(B93,'Orders Ledger'!$A:$A,'Orders Ledger'!$F:$F,"")) -> Crypto_Proxy | G93: =IF(B93="","",_xlfn.XLOOKUP(B93,'Orders Ledger'!$A:$A,'Orders Ledger'!$N:$N,0)) -> 188.92
B94: {=IFERROR(INDEX('Orders Ledger'!$A$2:$A$1501, SMALL(IF(('Orders Ledger'!$J$2:$J$1501="disputed")+('Orders Ledger'!$J$2:$J$1501="PENDING_REVIEW"), ROW('Orders Ledger'!$A$2:$A$1501)-ROW('Orders Ledger'!$A$2)+1), ROW(36:36))), "")} -> ORD100170 | C94: =IF(B94="","",_xlfn.XLOOKUP(B94,'Orders Ledger'!$A:$A,'Orders Ledger'!$B:$B,"")) -> CUST-1027 | D94: =IF(B94="","",_xlfn.XLOOKUP(B94,'Orders Ledger'!$A:$A,'Orders Ledger'!$G:$G,"")) -> High-Risk Country Proxy | E94: =IF(B94="","",_xlfn.XLOOKUP(B94,'Orders Ledger'!$A:$A,'Orders Ledger'!$H:$H,"")) -> Bot_Server | F94: =IF(B94="","",_xlfn.XLOOKUP(B94,'Orders Ledger'!$A:$A,'Orders Ledger'!$F:$F,"")) -> Crypto_Proxy | G94: =IF(B94="","",_xlfn.XLOOKUP(B94,'Orders Ledger'!$A:$A,'Orders Ledger'!$N:$N,0)) -> 647.8
B95: {=IFERROR(INDEX('Orders Ledger'!$A$2:$A$1501, SMALL(IF(('Orders Ledger'!$J$2:$J$1501="disputed")+('Orders Ledger'!$J$2:$J$1501="PENDING_REVIEW"), ROW('Orders Ledger'!$A$2:$A$1501)-ROW('Orders Ledger'!$A$2)+1), ROW(37:37))), "")} -> ORD100173 | C95: =IF(B95="","",_xlfn.XLOOKUP(B95,'Orders Ledger'!$A:$A,'Orders Ledger'!$B:$B,"")) -> CUST-1288 | D95: =IF(B95="","",_xlfn.XLOOKUP(B95,'Orders Ledger'!$A:$A,'Orders Ledger'!$G:$G,"")) -> United States | E95: =IF(B95="","",_xlfn.XLOOKUP(B95,'Orders Ledger'!$A:$A,'Orders Ledger'!$H:$H,"")) -> Desktop | F95: =IF(B95="","",_xlfn.XLOOKUP(B95,'Orders Ledger'!$A:$A,'Orders Ledger'!$F:$F,"")) -> Stolen_Card_Sim | G95: =IF(B95="","",_xlfn.XLOOKUP(B95,'Orders Ledger'!$A:$A,'Orders Ledger'!$N:$N,0)) -> 3688
B96: {=IFERROR(INDEX('Orders Ledger'!$A$2:$A$1501, SMALL(IF(('Orders Ledger'!$J$2:$J$1501="disputed")+('Orders Ledger'!$J$2:$J$1501="PENDING_REVIEW"), ROW('Orders Ledger'!$A$2:$A$1501)-ROW('Orders Ledger'!$A$2)+1), ROW(38:38))), "")} -> ORD100179 | C96: =IF(B96="","",_xlfn.XLOOKUP(B96,'Orders Ledger'!$A:$A,'Orders Ledger'!$B:$B,"")) -> CUST-1213 | D96: =IF(B96="","",_xlfn.XLOOKUP(B96,'Orders Ledger'!$A:$A,'Orders Ledger'!$G:$G,"")) -> Unknown Blacklisted Zone | E96: =IF(B96="","",_xlfn.XLOOKUP(B96,'Orders Ledger'!$A:$A,'Orders Ledger'!$H:$H,"")) -> Bot_Server | F96: =IF(B96="","",_xlfn.XLOOKUP(B96,'Orders Ledger'!$A:$A,'Orders Ledger'!$F:$F,"")) -> Credit_Card | G96: =IF(B96="","",_xlfn.XLOOKUP(B96,'Orders Ledger'!$A:$A,'Orders Ledger'!$N:$N,0)) -> 168.25
B97: {=IFERROR(INDEX('Orders Ledger'!$A$2:$A$1501, SMALL(IF(('Orders Ledger'!$J$2:$J$1501="disputed")+('Orders Ledger'!$J$2:$J$1501="PENDING_REVIEW"), ROW('Orders Ledger'!$A$2:$A$1501)-ROW('Orders Ledger'!$A$2)+1), ROW(39:39))), "")} -> ORD100182 | C97: =IF(B97="","",_xlfn.XLOOKUP(B97,'Orders Ledger'!$A:$A,'Orders Ledger'!$B:$B,"")) -> CUST-1194 | D97: =IF(B97="","",_xlfn.XLOOKUP(B97,'Orders Ledger'!$A:$A,'Orders Ledger'!$G:$G,"")) -> High-Risk Country Proxy | E97: =IF(B97="","",_xlfn.XLOOKUP(B97,'Orders Ledger'!$A:$A,'Orders Ledger'!$H:$H,"")) -> Bot_Server | F97: =IF(B97="","",_xlfn.XLOOKUP(B97,'Orders Ledger'!$A:$A,'Orders Ledger'!$F:$F,"")) -> Stolen_Card_Sim | G97: =IF(B97="","",_xlfn.XLOOKUP(B97,'Orders Ledger'!$A:$A,'Orders Ledger'!$N:$N,0)) -> 229.76
B98: {=IFERROR(INDEX('Orders Ledger'!$A$2:$A$1501, SMALL(IF(('Orders Ledger'!$J$2:$J$1501="disputed")+('Orders Ledger'!$J$2:$J$1501="PENDING_REVIEW"), ROW('Orders Ledger'!$A$2:$A$1501)-ROW('Orders Ledger'!$A$2)+1), ROW(40:40))), "")} -> ORD100188 | C98: =IF(B98="","",_xlfn.XLOOKUP(B98,'Orders Ledger'!$A:$A,'Orders Ledger'!$B:$B,"")) -> CUST-1291 | D98: =IF(B98="","",_xlfn.XLOOKUP(B98,'Orders Ledger'!$A:$A,'Orders Ledger'!$G:$G,"")) -> Unknown Blacklisted Zone | E98: =IF(B98="","",_xlfn.XLOOKUP(B98,'Orders Ledger'!$A:$A,'Orders Ledger'!$H:$H,"")) -> Mobile_Emulator | F98: =IF(B98="","",_xlfn.XLOOKUP(B98,'Orders Ledger'!$A:$A,'Orders Ledger'!$F:$F,"")) -> Digital_Wallet | G98: =IF(B98="","",_xlfn.XLOOKUP(B98,'Orders Ledger'!$A:$A,'Orders Ledger'!$N:$N,0)) -> 13.87
B99: {=IFERROR(INDEX('Orders Ledger'!$A$2:$A$1501, SMALL(IF(('Orders Ledger'!$J$2:$J$1501="disputed")+('Orders Ledger'!$J$2:$J$1501="PENDING_REVIEW"), ROW('Orders Ledger'!$A$2:$A$1501)-ROW('Orders Ledger'!$A$2)+1), ROW(41:41))), "")} -> ORD100193 | C99: =IF(B99="","",_xlfn.XLOOKUP(B99,'Orders Ledger'!$A:$A,'Orders Ledger'!$B:$B,"")) -> CUST-1135 | D99: =IF(B99="","",_xlfn.XLOOKUP(B99,'Orders Ledger'!$A:$A,'Orders Ledger'!$G:$G,"")) -> Unknown Blacklisted Zone | E99: =IF(B99="","",_xlfn.XLOOKUP(B99,'Orders Ledger'!$A:$A,'Orders Ledger'!$H:$H,"")) -> Mobile_Emulator | F99: =IF(B99="","",_xlfn.XLOOKUP(B99,'Orders Ledger'!$A:$A,'Orders Ledger'!$F:$F,"")) -> Crypto_Proxy | G99: =IF(B99="","",_xlfn.XLOOKUP(B99,'Orders Ledger'!$A:$A,'Orders Ledger'!$N:$N,0)) -> 887.8
B100: {=IFERROR(INDEX('Orders Ledger'!$A$2:$A$1501, SMALL(IF(('Orders Ledger'!$J$2:$J$1501="disputed")+('Orders Ledger'!$J$2:$J$1501="PENDING_REVIEW"), ROW('Orders Ledger'!$A$2:$A$1501)-ROW('Orders Ledger'!$A$2)+1), ROW(42:42))), "")} -> ORD100195 | C100: =IF(B100="","",_xlfn.XLOOKUP(B100,'Orders Ledger'!$A:$A,'Orders Ledger'!$B:$B,"")) -> CUST-1080 | D100: =IF(B100="","",_xlfn.XLOOKUP(B100,'Orders Ledger'!$A:$A,'Orders Ledger'!$G:$G,"")) -> High-Risk Country Proxy | E100: =IF(B100="","",_xlfn.XLOOKUP(B100,'Orders Ledger'!$A:$A,'Orders Ledger'!$H:$H,"")) -> Bot_Server | F100: =IF(B100="","",_xlfn.XLOOKUP(B100,'Orders Ledger'!$A:$A,'Orders Ledger'!$F:$F,"")) -> Credit_Card | G100: =IF(B100="","",_xlfn.XLOOKUP(B100,'Orders Ledger'!$A:$A,'Orders Ledger'!$N:$N,0)) -> 570.8
B101: {=IFERROR(INDEX('Orders Ledger'!$A$2:$A$1501, SMALL(IF(('Orders Ledger'!$J$2:$J$1501="disputed")+('Orders Ledger'!$J$2:$J$1501="PENDING_REVIEW"), ROW('Orders Ledger'!$A$2:$A$1501)-ROW('Orders Ledger'!$A$2)+1), ROW(43:43))), "")} -> ORD100203 | C101: =IF(B101="","",_xlfn.XLOOKUP(B101,'Orders Ledger'!$A:$A,'Orders Ledger'!$B:$B,"")) -> CUST-1230 | D101: =IF(B101="","",_xlfn.XLOOKUP(B101,'Orders Ledger'!$A:$A,'Orders Ledger'!$G:$G,"")) -> High-Risk Country Proxy | E101: =IF(B101="","",_xlfn.XLOOKUP(B101,'Orders Ledger'!$A:$A,'Orders Ledger'!$H:$H,"")) -> Bot_Server | F101: =IF(B101="","",_xlfn.XLOOKUP(B101,'Orders Ledger'!$A:$A,'Orders Ledger'!$F:$F,"")) -> Crypto_Proxy | G101: =IF(B101="","",_xlfn.XLOOKUP(B101,'Orders Ledger'!$A:$A,'Orders Ledger'!$N:$N,0)) -> 146.8
B102: {=IFERROR(INDEX('Orders Ledger'!$A$2:$A$1501, SMALL(IF(('Orders Ledger'!$J$2:$J$1501="disputed")+('Orders Ledger'!$J$2:$J$1501="PENDING_REVIEW"), ROW('Orders Ledger'!$A$2:$A$1501)-ROW('Orders Ledger'!$A$2)+1), ROW(44:44))), "")} -> ORD100205 | C102: =IF(B102="","",_xlfn.XLOOKUP(B102,'Orders Ledger'!$A:$A,'Orders Ledger'!$B:$B,"")) -> CUST-1149 | D102: =IF(B102="","",_xlfn.XLOOKUP(B102,'Orders Ledger'!$A:$A,'Orders Ledger'!$G:$G,"")) -> United Kingdom | E102: =IF(B102="","",_xlfn.XLOOKUP(B102,'Orders Ledger'!$A:$A,'Orders Ledger'!$H:$H,"")) -> Desktop | F102: =IF(B102="","",_xlfn.XLOOKUP(B102,'Orders Ledger'!$A:$A,'Orders Ledger'!$F:$F,"")) -> Digital_Wallet | G102: =IF(B102="","",_xlfn.XLOOKUP(B102,'Orders Ledger'!$A:$A,'Orders Ledger'!$N:$N,0)) -> 164.06
B103: {=IFERROR(INDEX('Orders Ledger'!$A$2:$A$1501, SMALL(IF(('Orders Ledger'!$J$2:$J$1501="disputed")+('Orders Ledger'!$J$2:$J$1501="PENDING_REVIEW"), ROW('Orders Ledger'!$A$2:$A$1501)-ROW('Orders Ledger'!$A$2)+1), ROW(45:45))), "")} -> ORD100209 | C103: =IF(B103="","",_xlfn.XLOOKUP(B103,'Orders Ledger'!$A:$A,'Orders Ledger'!$B:$B,"")) -> CUST-1144 | D103: =IF(B103="","",_xlfn.XLOOKUP(B103,'Orders Ledger'!$A:$A,'Orders Ledger'!$G:$G,"")) -> United Kingdom | E103: =IF(B103="","",_xlfn.XLOOKUP(B103,'Orders Ledger'!$A:$A,'Orders Ledger'!$H:$H,"")) -> Bot_Server | F103: =IF(B103="","",_xlfn.XLOOKUP(B103,'Orders Ledger'!$A:$A,'Orders Ledger'!$F:$F,"")) -> Crypto_Proxy | G103: =IF(B103="","",_xlfn.XLOOKUP(B103,'Orders Ledger'!$A:$A,'Orders Ledger'!$N:$N,0)) -> 3874.08
B104: {=IFERROR(INDEX('Orders Ledger'!$A$2:$A$1501, SMALL(IF(('Orders Ledger'!$J$2:$J$1501="disputed")+('Orders Ledger'!$J$2:$J$1501="PENDING_REVIEW"), ROW('Orders Ledger'!$A$2:$A$1501)-ROW('Orders Ledger'!$A$2)+1), ROW(46:46))), "")} -> ORD100212 | C104: =IF(B104="","",_xlfn.XLOOKUP(B104,'Orders Ledger'!$A:$A,'Orders Ledger'!$B:$B,"")) -> CUST-1119 | D104: =IF(B104="","",_xlfn.XLOOKUP(B104,'Orders Ledger'!$A:$A,'Orders Ledger'!$G:$G,"")) -> Unknown Blacklisted Zone | E104: =IF(B104="","",_xlfn.XLOOKUP(B104,'Orders Ledger'!$A:$A,'Orders Ledger'!$H:$H,"")) -> Mobile_Emulator | F104: =IF(B104="","",_xlfn.XLOOKUP(B104,'Orders Ledger'!$A:$A,'Orders Ledger'!$F:$F,"")) -> Credit_Card | G104: =IF(B104="","",_xlfn.XLOOKUP(B104,'Orders Ledger'!$A:$A,'Orders Ledger'!$N:$N,0)) -> 425.14
B105: {=IFERROR(INDEX('Orders Ledger'!$A$2:$A$1501, SMALL(IF(('Orders Ledger'!$J$2:$J$1501="disputed")+('Orders Ledger'!$J$2:$J$1501="PENDING_REVIEW"), ROW('Orders Ledger'!$A$2:$A$1501)-ROW('Orders Ledger'!$A$2)+1), ROW(47:47))), "")} -> ORD100215 | C105: =IF(B105="","",_xlfn.XLOOKUP(B105,'Orders Ledger'!$A:$A,'Orders Ledger'!$B:$B,"")) -> CUST-1217 | D105: =IF(B105="","",_xlfn.XLOOKUP(B105,'Orders Ledger'!$A:$A,'Orders Ledger'!$G:$G,"")) -> France | E105: =IF(B105="","",_xlfn.XLOOKUP(B105,'Orders Ledger'!$A:$A,'Orders Ledger'!$H:$H,"")) -> Mobile_Emulator | F105: =IF(B105="","",_xlfn.XLOOKUP(B105,'Orders Ledger'!$A:$A,'Orders Ledger'!$F:$F,"")) -> Crypto_Proxy | G105: =IF(B105="","",_xlfn.XLOOKUP(B105,'Orders Ledger'!$A:$A,'Orders Ledger'!$N:$N,0)) -> 7500.96
B106: {=IFERROR(INDEX('Orders Ledger'!$A$2:$A$1501, SMALL(IF(('Orders Ledger'!$J$2:$J$1501="disputed")+('Orders Ledger'!$J$2:$J$1501="PENDING_REVIEW"), ROW('Orders Ledger'!$A$2:$A$1501)-ROW('Orders Ledger'!$A$2)+1), ROW(48:48))), "")} -> ORD100222 | C106: =IF(B106="","",_xlfn.XLOOKUP(B106,'Orders Ledger'!$A:$A,'Orders Ledger'!$B:$B,"")) -> CUST-1036 | D106: =IF(B106="","",_xlfn.XLOOKUP(B106,'Orders Ledger'!$A:$A,'Orders Ledger'!$G:$G,"")) -> High-Risk Country Proxy | E106: =IF(B106="","",_xlfn.XLOOKUP(B106,'Orders Ledger'!$A:$A,'Orders Ledger'!$H:$H,"")) -> Bot_Server | F106: =IF(B106="","",_xlfn.XLOOKUP(B106,'Orders Ledger'!$A:$A,'Orders Ledger'!$F:$F,"")) -> Stolen_Card_Sim | G106: =IF(B106="","",_xlfn.XLOOKUP(B106,'Orders Ledger'!$A:$A,'Orders Ledger'!$N:$N,0)) -> 1263.28
B107: {=IFERROR(INDEX('Orders Ledger'!$A$2:$A$1501, SMALL(IF(('Orders Ledger'!$J$2:$J$1501="disputed")+('Orders Ledger'!$J$2:$J$1501="PENDING_REVIEW"), ROW('Orders Ledger'!$A$2:$A$1501)-ROW('Orders Ledger'!$A$2)+1), ROW(49:49))), "")} -> ORD100224 | C107: =IF(B107="","",_xlfn.XLOOKUP(B107,'Orders Ledger'!$A:$A,'Orders Ledger'!$B:$B,"")) -> CUST-1084 | D107: =IF(B107="","",_xlfn.XLOOKUP(B107,'Orders Ledger'!$A:$A,'Orders Ledger'!$G:$G,"")) -> High-Risk Country Proxy | E107: =IF(B107="","",_xlfn.XLOOKUP(B107,'Orders Ledger'!$A:$A,'Orders Ledger'!$H:$H,"")) -> Mobile_Emulator | F107: =IF(B107="","",_xlfn.XLOOKUP(B107,'Orders Ledger'!$A:$A,'Orders Ledger'!$F:$F,"")) -> Crypto_Proxy | G107: =IF(B107="","",_xlfn.XLOOKUP(B107,'Orders Ledger'!$A:$A,'Orders Ledger'!$N:$N,0)) -> 141.34
B108: {=IFERROR(INDEX('Orders Ledger'!$A$2:$A$1501, SMALL(IF(('Orders Ledger'!$J$2:$J$1501="disputed")+('Orders Ledger'!$J$2:$J$1501="PENDING_REVIEW"), ROW('Orders Ledger'!$A$2:$A$1501)-ROW('Orders Ledger'!$A$2)+1), ROW(50:50))), "")} -> ORD100227 | C108: =IF(B108="","",_xlfn.XLOOKUP(B108,'Orders Ledger'!$A:$A,'Orders Ledger'!$B:$B,"")) -> CUST-1147 | D108: =IF(B108="","",_xlfn.XLOOKUP(B108,'Orders Ledger'!$A:$A,'Orders Ledger'!$G:$G,"")) -> High-Risk Country Proxy | E108: =IF(B108="","",_xlfn.XLOOKUP(B108,'Orders Ledger'!$A:$A,'Orders Ledger'!$H:$H,"")) -> Bot_Server | F108: =IF(B108="","",_xlfn.XLOOKUP(B108,'Orders Ledger'!$A:$A,'Orders Ledger'!$F:$F,"")) -> Crypto_Proxy | G108: =IF(B108="","",_xlfn.XLOOKUP(B108,'Orders Ledger'!$A:$A,'Orders Ledger'!$N:$N,0)) -> 91.18
B109: {=IFERROR(INDEX('Orders Ledger'!$A$2:$A$1501, SMALL(IF(('Orders Ledger'!$J$2:$J$1501="disputed")+('Orders Ledger'!$J$2:$J$1501="PENDING_REVIEW"), ROW('Orders Ledger'!$A$2:$A$1501)-ROW('Orders Ledger'!$A$2)+1), ROW(51:51))), "")} -> ORD100230 | C109: =IF(B109="","",_xlfn.XLOOKUP(B109,'Orders Ledger'!$A:$A,'Orders Ledger'!$B:$B,"")) -> CUST-1239 | D109: =IF(B109="","",_xlfn.XLOOKUP(B109,'Orders Ledger'!$A:$A,'Orders Ledger'!$G:$G,"")) -> Unknown Blacklisted Zone | E109: =IF(B109="","",_xlfn.XLOOKUP(B109,'Orders Ledger'!$A:$A,'Orders Ledger'!$H:$H,"")) -> Mobile_Emulator | F109: =IF(B109="","",_xlfn.XLOOKUP(B109,'Orders Ledger'!$A:$A,'Orders Ledger'!$F:$F,"")) -> Stolen_Card_Sim | G109: =IF(B109="","",_xlfn.XLOOKUP(B109,'Orders Ledger'!$A:$A,'Orders Ledger'!$N:$N,0)) -> 7521.44
B110: {=IFERROR(INDEX('Orders Ledger'!$A$2:$A$1501, SMALL(IF(('Orders Ledger'!$J$2:$J$1501="disputed")+('Orders Ledger'!$J$2:$J$1501="PENDING_REVIEW"), ROW('Orders Ledger'!$A$2:$A$1501)-ROW('Orders Ledger'!$A$2)+1), ROW(52:52))), "")} -> ORD100231 | C110: =IF(B110="","",_xlfn.XLOOKUP(B110,'Orders Ledger'!$A:$A,'Orders Ledger'!$B:$B,"")) -> CUST-1155 | D110: =IF(B110="","",_xlfn.XLOOKUP(B110,'Orders Ledger'!$A:$A,'Orders Ledger'!$G:$G,"")) -> High-Risk Country Proxy | E110: =IF(B110="","",_xlfn.XLOOKUP(B110,'Orders Ledger'!$A:$A,'Orders Ledger'!$H:$H,"")) -> Desktop | F110: =IF(B110="","",_xlfn.XLOOKUP(B110,'Orders Ledger'!$A:$A,'Orders Ledger'!$F:$F,"")) -> Credit_Card | G110: =IF(B110="","",_xlfn.XLOOKUP(B110,'Orders Ledger'!$A:$A,'Orders Ledger'!$N:$N,0)) -> 83.9
B111: {=IFERROR(INDEX('Orders Ledger'!$A$2:$A$1501, SMALL(IF(('Orders Ledger'!$J$2:$J$1501="disputed")+('Orders Ledger'!$J$2:$J$1501="PENDING_REVIEW"), ROW('Orders Ledger'!$A$2:$A$1501)-ROW('Orders Ledger'!$A$2)+1), ROW(53:53))), "")} -> ORD100237 | C111: =IF(B111="","",_xlfn.XLOOKUP(B111,'Orders Ledger'!$A:$A,'Orders Ledger'!$B:$B,"")) -> CUST-1224 | D111: =IF(B111="","",_xlfn.XLOOKUP(B111,'Orders Ledger'!$A:$A,'Orders Ledger'!$G:$G,"")) -> High-Risk Country Proxy | E111: =IF(B111="","",_xlfn.XLOOKUP(B111,'Orders Ledger'!$A:$A,'Orders Ledger'!$H:$H,"")) -> Bot_Server | F111: =IF(B111="","",_xlfn.XLOOKUP(B111,'Orders Ledger'!$A:$A,'Orders Ledger'!$F:$F,"")) -> Digital_Wallet | G111: =IF(B111="","",_xlfn.XLOOKUP(B111,'Orders Ledger'!$A:$A,'Orders Ledger'!$N:$N,0)) -> 5496.4
B112: {=IFERROR(INDEX('Orders Ledger'!$A$2:$A$1501, SMALL(IF(('Orders Ledger'!$J$2:$J$1501="disputed")+('Orders Ledger'!$J$2:$J$1501="PENDING_REVIEW"), ROW('Orders Ledger'!$A$2:$A$1501)-ROW('Orders Ledger'!$A$2)+1), ROW(54:54))), "")} -> ORD100240 | C112: =IF(B112="","",_xlfn.XLOOKUP(B112,'Orders Ledger'!$A:$A,'Orders Ledger'!$B:$B,"")) -> CUST-1221 | D112: =IF(B112="","",_xlfn.XLOOKUP(B112,'Orders Ledger'!$A:$A,'Orders Ledger'!$G:$G,"")) -> High-Risk Country Proxy | E112: =IF(B112="","",_xlfn.XLOOKUP(B112,'Orders Ledger'!$A:$A,'Orders Ledger'!$H:$H,"")) -> Desktop | F112: =IF(B112="","",_xlfn.XLOOKUP(B112,'Orders Ledger'!$A:$A,'Orders Ledger'!$F:$F,"")) -> Digital_Wallet | G112: =IF(B112="","",_xlfn.XLOOKUP(B112,'Orders Ledger'!$A:$A,'Orders Ledger'!$N:$N,0)) -> 204.7
B113: {=IFERROR(INDEX('Orders Ledger'!$A$2:$A$1501, SMALL(IF(('Orders Ledger'!$J$2:$J$1501="disputed")+('Orders Ledger'!$J$2:$J$1501="PENDING_REVIEW"), ROW('Orders Ledger'!$A$2:$A$1501)-ROW('Orders Ledger'!$A$2)+1), ROW(55:55))), "")} -> ORD100241 | C113: =IF(B113="","",_xlfn.XLOOKUP(B113,'Orders Ledger'!$A:$A,'Orders Ledger'!$B:$B,"")) -> CUST-1165 | D113: =IF(B113="","",_xlfn.XLOOKUP(B113,'Orders Ledger'!$A:$A,'Orders Ledger'!$G:$G,"")) -> Unknown Blacklisted Zone | E113: =IF(B113="","",_xlfn.XLOOKUP(B113,'Orders Ledger'!$A:$A,'Orders Ledger'!$H:$H,"")) -> Mobile_Emulator | F113: =IF(B113="","",_xlfn.XLOOKUP(B113,'Orders Ledger'!$A:$A,'Orders Ledger'!$F:$F,"")) -> Stolen_Card_Sim | G113: =IF(B113="","",_xlfn.XLOOKUP(B113,'Orders Ledger'!$A:$A,'Orders Ledger'!$N:$N,0)) -> 143.15
B114: {=IFERROR(INDEX('Orders Ledger'!$A$2:$A$1501, SMALL(IF(('Orders Ledger'!$J$2:$J$1501="disputed")+('Orders Ledger'!$J$2:$J$1501="PENDING_REVIEW"), ROW('Orders Ledger'!$A$2:$A$1501)-ROW('Orders Ledger'!$A$2)+1), ROW(56:56))), "")} -> ORD100248 | C114: =IF(B114="","",_xlfn.XLOOKUP(B114,'Orders Ledger'!$A:$A,'Orders Ledger'!$B:$B,"")) -> CUST-1010 | D114: =IF(B114="","",_xlfn.XLOOKUP(B114,'Orders Ledger'!$A:$A,'Orders Ledger'!$G:$G,"")) -> Unknown Blacklisted Zone | E114: =IF(B114="","",_xlfn.XLOOKUP(B114,'Orders Ledger'!$A:$A,'Orders Ledger'!$H:$H,"")) -> Mobile_Emulator | F114: =IF(B114="","",_xlfn.XLOOKUP(B114,'Orders Ledger'!$A:$A,'Orders Ledger'!$F:$F,"")) -> Credit_Card | G114: =IF(B114="","",_xlfn.XLOOKUP(B114,'Orders Ledger'!$A:$A,'Orders Ledger'!$N:$N,0)) -> 119.6
B115: {=IFERROR(INDEX('Orders Ledger'!$A$2:$A$1501, SMALL(IF(('Orders Ledger'!$J$2:$J$1501="disputed")+('Orders Ledger'!$J$2:$J$1501="PENDING_REVIEW"), ROW('Orders Ledger'!$A$2:$A$1501)-ROW('Orders Ledger'!$A$2)+1), ROW(57:57))), "")} -> ORD100254 | C115: =IF(B115="","",_xlfn.XLOOKUP(B115,'Orders Ledger'!$A:$A,'Orders Ledger'!$B:$B,"")) -> CUST-1265 | D115: =IF(B115="","",_xlfn.XLOOKUP(B115,'Orders Ledger'!$A:$A,'Orders Ledger'!$G:$G,"")) -> Unknown Blacklisted Zone | E115: =IF(B115="","",_xlfn.XLOOKUP(B115,'Orders Ledger'!$A:$A,'Orders Ledger'!$H:$H,"")) -> Mobile_Emulator | F115: =IF(B115="","",_xlfn.XLOOKUP(B115,'Orders Ledger'!$A:$A,'Orders Ledger'!$F:$F,"")) -> Crypto_Proxy | G115: =IF(B115="","",_xlfn.XLOOKUP(B115,'Orders Ledger'!$A:$A,'Orders Ledger'!$N:$N,0)) -> 62.86
B116: {=IFERROR(INDEX('Orders Ledger'!$A$2:$A$1501, SMALL(IF(('Orders Ledger'!$J$2:$J$1501="disputed")+('Orders Ledger'!$J$2:$J$1501="PENDING_REVIEW"), ROW('Orders Ledger'!$A$2:$A$1501)-ROW('Orders Ledger'!$A$2)+1), ROW(58:58))), "")} -> ORD100255 | C116: =IF(B116="","",_xlfn.XLOOKUP(B116,'Orders Ledger'!$A:$A,'Orders Ledger'!$B:$B,"")) -> CUST-1226 | D116: =IF(B116="","",_xlfn.XLOOKUP(B116,'Orders Ledger'!$A:$A,'Orders Ledger'!$G:$G,"")) -> United Kingdom | E116: =IF(B116="","",_xlfn.XLOOKUP(B116,'Orders Ledger'!$A:$A,'Orders Ledger'!$H:$H,"")) -> Mobile_Emulator | F116: =IF(B116="","",_xlfn.XLOOKUP(B116,'Orders Ledger'!$A:$A,'Orders Ledger'!$F:$F,"")) -> Crypto_Proxy | G116: =IF(B116="","",_xlfn.XLOOKUP(B116,'Orders Ledger'!$A:$A,'Orders Ledger'!$N:$N,0)) -> 8846.5
B117: {=IFERROR(INDEX('Orders Ledger'!$A$2:$A$1501, SMALL(IF(('Orders Ledger'!$J$2:$J$1501="disputed")+('Orders Ledger'!$J$2:$J$1501="PENDING_REVIEW"), ROW('Orders Ledger'!$A$2:$A$1501)-ROW('Orders Ledger'!$A$2)+1), ROW(59:59))), "")} -> ORD100277 | C117: =IF(B117="","",_xlfn.XLOOKUP(B117,'Orders Ledger'!$A:$A,'Orders Ledger'!$B:$B,"")) -> CUST-1045 | D117: =IF(B117="","",_xlfn.XLOOKUP(B117,'Orders Ledger'!$A:$A,'Orders Ledger'!$G:$G,"")) -> High-Risk Country Proxy | E117: =IF(B117="","",_xlfn.XLOOKUP(B117,'Orders Ledger'!$A:$A,'Orders Ledger'!$H:$H,"")) -> Mobile_Emulator | F117: =IF(B117="","",_xlfn.XLOOKUP(B117,'Orders Ledger'!$A:$A,'Orders Ledger'!$F:$F,"")) -> Crypto_Proxy | G117: =IF(B117="","",_xlfn.XLOOKUP(B117,'Orders Ledger'!$A:$A,'Orders Ledger'!$N:$N,0)) -> 2423.4
B118: {=IFERROR(INDEX('Orders Ledger'!$A$2:$A$1501, SMALL(IF(('Orders Ledger'!$J$2:$J$1501="disputed")+('Orders Ledger'!$J$2:$J$1501="PENDING_REVIEW"), ROW('Orders Ledger'!$A$2:$A$1501)-ROW('Orders Ledger'!$A$2)+1), ROW(60:60))), "")} -> ORD100279 | C118: =IF(B118="","",_xlfn.XLOOKUP(B118,'Orders Ledger'!$A:$A,'Orders Ledger'!$B:$B,"")) -> CUST-1129 | D118: =IF(B118="","",_xlfn.XLOOKUP(B118,'Orders Ledger'!$A:$A,'Orders Ledger'!$G:$G,"")) -> High-Risk Country Proxy | E118: =IF(B118="","",_xlfn.XLOOKUP(B118,'Orders Ledger'!$A:$A,'Orders Ledger'!$H:$H,"")) -> Bot_Server | F118: =IF(B118="","",_xlfn.XLOOKUP(B118,'Orders Ledger'!$A:$A,'Orders Ledger'!$F:$F,"")) -> Stolen_Card_Sim | G118: =IF(B118="","",_xlfn.XLOOKUP(B118,'Orders Ledger'!$A:$A,'Orders Ledger'!$N:$N,0)) -> 377.25
B119: {=IFERROR(INDEX('Orders Ledger'!$A$2:$A$1501, SMALL(IF(('Orders Ledger'!$J$2:$J$1501="disputed")+('Orders Ledger'!$J$2:$J$1501="PENDING_REVIEW"), ROW('Orders Ledger'!$A$2:$A$1501)-ROW('Orders Ledger'!$A$2)+1), ROW(61:61))), "")} -> ORD100288 | C119: =IF(B119="","",_xlfn.XLOOKUP(B119,'Orders Ledger'!$A:$A,'Orders Ledger'!$B:$B,"")) -> CUST-1027 | D119: =IF(B119="","",_xlfn.XLOOKUP(B119,'Orders Ledger'!$A:$A,'Orders Ledger'!$G:$G,"")) -> United States | E119: =IF(B119="","",_xlfn.XLOOKUP(B119,'Orders Ledger'!$A:$A,'Orders Ledger'!$H:$H,"")) -> Mobile_Emulator | F119: =IF(B119="","",_xlfn.XLOOKUP(B119,'Orders Ledger'!$A:$A,'Orders Ledger'!$F:$F,"")) -> Digital_Wallet | G119: =IF(B119="","",_xlfn.XLOOKUP(B119,'Orders Ledger'!$A:$A,'Orders Ledger'!$N:$N,0)) -> 2950.4
B120: {=IFERROR(INDEX('Orders Ledger'!$A$2:$A$1501, SMALL(IF(('Orders Ledger'!$J$2:$J$1501="disputed")+('Orders Ledger'!$J$2:$J$1501="PENDING_REVIEW"), ROW('Orders Ledger'!$A$2:$A$1501)-ROW('Orders Ledger'!$A$2)+1), ROW(62:62))), "")} -> ORD100289 | C120: =IF(B120="","",_xlfn.XLOOKUP(B120,'Orders Ledger'!$A:$A,'Orders Ledger'!$B:$B,"")) -> CUST-1096 | D120: =IF(B120="","",_xlfn.XLOOKUP(B120,'Orders Ledger'!$A:$A,'Orders Ledger'!$G:$G,"")) -> Unknown Blacklisted Zone | E120: =IF(B120="","",_xlfn.XLOOKUP(B120,'Orders Ledger'!$A:$A,'Orders Ledger'!$H:$H,"")) -> Bot_Server | F120: =IF(B120="","",_xlfn.XLOOKUP(B120,'Orders Ledger'!$A:$A,'Orders Ledger'!$F:$F,"")) -> Crypto_Proxy | G120: =IF(B120="","",_xlfn.XLOOKUP(B120,'Orders Ledger'!$A:$A,'Orders Ledger'!$N:$N,0)) -> 92.76
B121: {=IFERROR(INDEX('Orders Ledger'!$A$2:$A$1501, SMALL(IF(('Orders Ledger'!$J$2:$J$1501="disputed")+('Orders Ledger'!$J$2:$J$1501="PENDING_REVIEW"), ROW('Orders Ledger'!$A$2:$A$1501)-ROW('Orders Ledger'!$A$2)+1), ROW(63:63))), "")} -> ORD100290 | C121: =IF(B121="","",_xlfn.XLOOKUP(B121,'Orders Ledger'!$A:$A,'Orders Ledger'!$B:$B,"")) -> CUST-1265 | D121: =IF(B121="","",_xlfn.XLOOKUP(B121,'Orders Ledger'!$A:$A,'Orders Ledger'!$G:$G,"")) -> United States | E121: =IF(B121="","",_xlfn.XLOOKUP(B121,'Orders Ledger'!$A:$A,'Orders Ledger'!$H:$H,"")) -> Mobile_Emulator | F121: =IF(B121="","",_xlfn.XLOOKUP(B121,'Orders Ledger'!$A:$A,'Orders Ledger'!$F:$F,"")) -> Digital_Wallet | G121: =IF(B121="","",_xlfn.XLOOKUP(B121,'Orders Ledger'!$A:$A,'Orders Ledger'!$N:$N,0)) -> 1245.53
B122: {=IFERROR(INDEX('Orders Ledger'!$A$2:$A$1501, SMALL(IF(('Orders Ledger'!$J$2:$J$1501="disputed")+('Orders Ledger'!$J$2:$J$1501="PENDING_REVIEW"), ROW('Orders Ledger'!$A$2:$A$1501)-ROW('Orders Ledger'!$A$2)+1), ROW(64:64))), "")} -> ORD100293 | C122: =IF(B122="","",_xlfn.XLOOKUP(B122,'Orders Ledger'!$A:$A,'Orders Ledger'!$B:$B,"")) -> CUST-1226 | D122: =IF(B122="","",_xlfn.XLOOKUP(B122,'Orders Ledger'!$A:$A,'Orders Ledger'!$G:$G,"")) -> United States | E122: =IF(B122="","",_xlfn.XLOOKUP(B122,'Orders Ledger'!$A:$A,'Orders Ledger'!$H:$H,"")) -> Bot_Server | F122: =IF(B122="","",_xlfn.XLOOKUP(B122,'Orders Ledger'!$A:$A,'Orders Ledger'!$F:$F,"")) -> Stolen_Card_Sim | G122: =IF(B122="","",_xlfn.XLOOKUP(B122,'Orders Ledger'!$A:$A,'Orders Ledger'!$N:$N,0)) -> 7963.68
B123: {=IFERROR(INDEX('Orders Ledger'!$A$2:$A$1501, SMALL(IF(('Orders Ledger'!$J$2:$J$1501="disputed")+('Orders Ledger'!$J$2:$J$1501="PENDING_REVIEW"), ROW('Orders Ledger'!$A$2:$A$1501)-ROW('Orders Ledger'!$A$2)+1), ROW(65:65))), "")} -> ORD100296 | C123: =IF(B123="","",_xlfn.XLOOKUP(B123,'Orders Ledger'!$A:$A,'Orders Ledger'!$B:$B,"")) -> CUST-1136 | D123: =IF(B123="","",_xlfn.XLOOKUP(B123,'Orders Ledger'!$A:$A,'Orders Ledger'!$G:$G,"")) -> High-Risk Country Proxy | E123: =IF(B123="","",_xlfn.XLOOKUP(B123,'Orders Ledger'!$A:$A,'Orders Ledger'!$H:$H,"")) -> Desktop | F123: =IF(B123="","",_xlfn.XLOOKUP(B123,'Orders Ledger'!$A:$A,'Orders Ledger'!$F:$F,"")) -> Stolen_Card_Sim | G123: =IF(B123="","",_xlfn.XLOOKUP(B123,'Orders Ledger'!$A:$A,'Orders Ledger'!$N:$N,0)) -> 1610
B124: {=IFERROR(INDEX('Orders Ledger'!$A$2:$A$1501, SMALL(IF(('Orders Ledger'!$J$2:$J$1501="disputed")+('Orders Ledger'!$J$2:$J$1501="PENDING_REVIEW"), ROW('Orders Ledger'!$A$2:$A$1501)-ROW('Orders Ledger'!$A$2)+1), ROW(66:66))), "")} -> ORD100297 | C124: =IF(B124="","",_xlfn.XLOOKUP(B124,'Orders Ledger'!$A:$A,'Orders Ledger'!$B:$B,"")) -> CUST-1281 | D124: =IF(B124="","",_xlfn.XLOOKUP(B124,'Orders Ledger'!$A:$A,'Orders Ledger'!$G:$G,"")) -> High-Risk Country Proxy | E124: =IF(B124="","",_xlfn.XLOOKUP(B124,'Orders Ledger'!$A:$A,'Orders Ledger'!$H:$H,"")) -> Mobile_Emulator | F124: =IF(B124="","",_xlfn.XLOOKUP(B124,'Orders Ledger'!$A:$A,'Orders Ledger'!$F:$F,"")) -> Stolen_Card_Sim | G124: =IF(B124="","",_xlfn.XLOOKUP(B124,'Orders Ledger'!$A:$A,'Orders Ledger'!$N:$N,0)) -> 412.85
...
